employee_id,age,gender,education,experience_years,department,job_level,manager_tenure,salary,on_time_delivery_rate,avg_task_delay_days,projects_count,billable_hours_ratio,bug_count,code_review_score,qa_defect_density,training_hours,certifications_count,hackathons_participated,sick_days,unplanned_absences,avg_login_hours,peer_feedback_score,manager_score,kudos_count,promotions_in_2y,salary_percentile_band,performance_score,perf_band_next
EMP01001,38,Male,Bachelor's,19,Operations,Junior,4,632360,0.92,4.6,1,0.49,2,4.0,5.73,41,2,1,2,0,7.5,4.1,4.4,5,1,Mid,70.6,High
EMP01002,33,Female,Master's,11,HR,Manager,7,1578837,0.51,1.1,3,0.65,2,4.05,0.53,4,1,3,8,0,6.7,3.55,3.35,5,0,Mid,67.0,High
EMP01003,40,Female,Master's,18,HR,Lead,1,1318958,0.78,1.2,2,0.79,1,4.8,0.1,36,2,1,2,4,8.4,2.3,0.95,2,0,High,51.1,Low
EMP01004,47,Male,Master's,26,Marketing,Junior,7,724939,0.26,0.0,3,0.51,5,3.85,0.69,7,2,1,4,2,9.2,3.3,1.95,3,1,Low,51.5,Low
EMP01005,33,Male,Bachelor's,9,Product,Senior,8,1035830,0.43,3.6,5,0.76,4,3.2,1.02,30,2,0,7,6,5.3,3.5,3.95,6,1,Mid,49.7,Low
EMP01006,33,Male,Bachelor's,10,Operations,Lead,5,1000794,0.8,0.4,6,0.75,3,4.15,1.96,13,2,1,4,1,7.7,3.5,4.7,5,0,Mid,68.2,High
EMP01007,47,Male,Bachelor's,28,Marketing,Senior,2,1227005,0.6,4.4,5,0.72,5,3.85,3.2,11,1,3,3,2,7.3,3.3,2.15,7,0,Mid,58.7,Low
EMP01008,41,Male,Bachelor's,18,Engineering,Lead,5,1469032,0.47,2.0,1,0.77,5,3.0,0.86,12,2,0,1,2,7.8,3.55,1.95,4,0,High,61.3,Medium
EMP01009,31,Female,Master's,8,Data Science,Manager,6,1221617,0.77,4.6,6,0.83,5,1.75,1.28,18,0,1,2,5,9.5,3.75,3.25,3,0,Mid,58.4,Low
EMP01010,39,Male,Bachelor's,17,Finance,Mid,2,737953,0.77,2.6,4,0.8,2,2.4,3.08,47,3,2,6,2,8.7,1.9,3.05,4,0,High,58.4,Low
EMP01011,31,Male,Bachelor's,9,HR,Mid,6,681658,0.93,0.3,6,0.88,5,2.4,0.51,8,1,0,3,5,9.2,3.4,4.15,3,0,High,68.4,High
EMP01012,31,Female,Master's,7,Finance,Manager,6,1189391,0.71,4.4,7,0.82,3,4.35,0.49,37,2,1,7,1,7.9,4.25,4.5,6,0,Mid,79.3,High
EMP01013,36,Female,Master's,13,Data Science,Senior,1,1026343,0.7,0.2,7,0.69,4,3.0,1.78,25,2,0,3,2,6.8,2.1,4.5,7,0,Mid,63.8,Medium
EMP01014,22,Male,Master's,0,Data Science,Junior,1,367153,0.9,2.0,4,0.59,1,2.8,1.15,31,1,1,1,1,4.0,3.25,3.75,6,0,Low,68.4,High
EMP01015,22,Male,Bachelor's,1,Marketing,Junior,3,460908,0.84,0.6,6,0.6,5,2.5,5.95,49,1,1,1,1,9.6,3.55,4.3,5,0,Mid,64.3,Medium
EMP01016,30,Male,Bachelor's,8,Marketing,Senior,3,968732,0.88,4.2,3,0.66,2,3.4,0.88,35,3,0,4,2,4.0,4.0,3.1,3,0,Low,71.9,High
EMP01017,26,Female,Bachelor's,3,Marketing,Manager,4,1293940,0.64,7.3,5,0.55,2,3.0,2.85,27,0,0,2,1,9.9,3.0,3.6,2,0,Mid,47.9,Low
EMP01018,37,Male,Bachelor's,17,Finance,Lead,2,1375418,0.78,2.4,5,0.51,4,3.35,1.75,35,4,1,3,0,8.6,3.65,3.05,6,0,High,70.7,High
EMP01019,27,Female,Master's,3,Marketing,Senior,9,870374,0.93,2.2,5,0.96,5,3.05,0.11,35,1,2,6,3,10.5,3.35,4.65,7,0,High,79.2,High
EMP01020,23,Non-binary,PhD,3,Data Science,Junior,7,399776,0.71,4.3,4,0.52,7,3.55,0.18,13,2,3,5,3,7.9,2.95,2.6,6,1,Mid,65.6,Medium
EMP01021,46,Male,Master's,26,Engineering,Mid,7,1108374,0.97,0.0,6,0.46,2,2.5,0.45,10,2,0,2,1,8.3,3.55,4.0,6,2,High,73.1,High
EMP01022,33,Female,Master's,14,Marketing,Lead,6,1358124,0.55,7.5,3,0.82,3,2.2,0.31,19,3,1,8,1,7.2,3.95,3.55,4,0,Mid,56.2,Low
EMP01023,35,Non-binary,Bachelor's,16,Sales,Junior,3,636073,0.79,0.7,6,0.85,2,2.65,0.8,26,0,0,5,4,7.6,2.9,1.85,2,0,Mid,64.6,Medium
EMP01024,23,Male,Master's,0,Product,Mid,6,570290,0.75,12.4,3,0.83,4,3.95,1.73,25,0,1,5,1,6.4,3.55,3.0,7,1,Mid,65.8,High
EMP01025,30,Female,Bachelor's,10,Finance,Junior,8,480414,0.92,4.0,3,0.55,6,3.7,1.84,30,1,0,5,4,7.3,3.35,4.25,5,0,Low,63.1,Medium
EMP01026,35,Male,Master's,12,Sales,Senior,8,956741,0.84,4.5,3,0.65,4,3.05,1.77,31,1,1,0,2,6.2,3.15,3.55,4,1,Mid,64.3,Medium
EMP01027,25,Female,Master's,3,Marketing,Manager,9,1328317,0.54,3.2,4,0.81,2,2.4,0.25,35,2,0,7,1,7.6,3.15,3.05,4,0,Mid,42.9,Low
EMP01028,38,Female,Bachelor's,14,Data Science,Mid,1,683501,0.83,1.9,4,0.86,5,3.6,1.83,19,1,1,7,2,7.5,3.8,4.05,4,1,Mid,61.0,Medium
EMP01029,30,Female,Bachelor's,9,Engineering,Mid,1,771378,0.74,2.5,3,0.97,2,4.5,1.05,49,1,1,4,5,7.5,1.6,2.0,3,0,High,64.3,Medium
EMP01030,32,Female,Diploma,12,HR,Senior,3,902843,0.73,0.1,6,0.67,4,4.5,4.67,9,2,1,2,1,7.4,2.6,4.8,3,0,Low,74.2,High
EMP01031,30,Female,Bachelor's,6,Operations,Manager,3,1180575,0.82,2.9,2,0.51,4,4.1,4.86,21,3,3,6,1,6.6,2.2,4.4,1,0,High,67.7,High
EMP01032,49,Female,Bachelor's,24,Product,Junior,8,608680,0.95,3.0,3,0.68,0,1.35,2.92,15,3,2,10,2,8.3,4.6,3.05,4,0,Mid,65.8,High
EMP01033,34,Female,Bachelor's,9,Operations,Mid,1,610334,0.96,6.7,4,0.82,2,4.25,2.43,26,2,0,1,4,8.0,2.05,3.65,8,1,High,62.5,Medium
EMP01034,26,Female,Master's,7,Marketing,Mid,2,682394,0.96,2.1,6,0.96,5,2.9,0.24,29,2,2,6,0,7.9,1.75,3.95,1,2,Mid,69.6,High
EMP01035,41,Male,Master's,19,Product,Lead,2,1264824,0.87,0.2,5,0.9,3,4.5,0.18,26,0,0,5,2,6.1,3.25,3.55,3,0,Low,58.8,Low
EMP01036,25,Male,Master's,2,Product,Mid,3,680758,0.45,1.1,5,0.8,1,3.2,3.68,18,1,1,4,4,8.5,4.85,4.05,7,0,High,66.0,High
EMP01037,36,Male,Bachelor's,14,Engineering,Junior,6,580684,0.71,3.2,1,0.77,5,1.95,1.11,24,2,1,9,2,6.4,2.15,4.25,2,0,Mid,54.4,Low
EMP01038,22,Male,Master's,0,Product,Senior,1,641783,0.72,0.8,3,0.57,2,4.6,1.2,5,1,1,4,2,6.7,3.6,2.35,8,0,Mid,63.4,Medium
EMP01039,24,Male,Bachelor's,2,Finance,Senior,2,806419,0.97,1.0,7,0.26,5,3.6,3.77,25,2,2,6,3,7.6,4.05,2.25,7,0,High,66.1,High
EMP01040,36,Female,PhD,14,Sales,Junior,1,635775,0.94,5.2,4,0.89,2,4.55,1.94,44,2,0,4,3,9.2,4.55,3.4,8,0,Low,72.4,High
EMP01041,40,Male,Master's,19,Sales,Lead,5,1483221,0.53,2.6,3,0.81,3,3.1,0.4,11,1,0,3,0,5.7,2.85,3.1,7,1,Mid,60.7,Medium
EMP01042,36,Female,Bachelor's,15,Sales,Junior,7,506300,0.92,2.1,2,0.93,3,4.4,0.47,12,1,1,6,2,6.0,3.05,3.35,6,1,Low,59.2,Low
EMP01043,34,Male,Bachelor's,15,Finance,Senior,8,1167990,0.86,1.2,3,0.67,3,4.05,0.01,3,0,1,4,1,4.6,2.2,4.25,4,0,High,62.2,Medium
EMP01044,32,Female,Bachelor's,8,Operations,Mid,1,755631,0.81,3.9,2,0.93,2,3.1,2.48,17,1,0,6,2,8.3,1.65,2.7,3,0,Low,61.9,Medium
EMP01045,23,Non-binary,Bachelor's,0,Engineering,Senior,7,646193,0.64,1.0,4,0.74,5,3.65,1.33,30,2,0,8,0,7.0,3.15,3.1,4,1,Low,63.6,Medium
EMP01046,29,Male,Bachelor's,7,Product,Mid,5,586487,0.54,4.0,6,0.86,3,2.6,5.99,11,1,0,2,5,8.1,1.35,1.95,0,2,Low,44.6,Low
EMP01047,31,Female,Master's,12,Finance,Lead,1,1217376,0.69,0.2,2,0.74,2,3.15,2.5,51,0,1,4,0,8.0,1.8,3.7,7,0,High,65.4,Medium
EMP01048,43,Male,Master's,19,Sales,Senior,3,1013754,0.81,6.0,9,0.87,3,2.5,0.22,12,1,0,1,2,8.7,1.7,2.7,4,1,Mid,60.7,Medium
EMP01049,37,Female,Bachelor's,12,Marketing,Senior,7,1077489,0.49,2.1,3,0.82,3,3.8,0.35,12,5,0,3,3,7.5,2.8,3.35,6,2,Mid,54.7,Low
EMP01050,22,Male,Bachelor's,2,HR,Senior,1,730764,0.74,1.7,4,0.37,4,2.75,1.39,11,3,1,5,5,6.4,4.4,3.3,4,0,Low,60.1,Medium
EMP01051,37,Female,Bachelor's,14,Product,Senior,7,1149042,0.61,2.8,1,0.78,2,2.65,5.18,45,0,1,7,3,7.8,4.1,2.9,5,1,Mid,61.1,Medium
EMP01052,31,Male,PhD,10,Finance,Junior,5,530247,0.85,2.9,2,0.84,3,1.35,0.57,29,1,2,6,2,8.1,3.85,3.6,2,0,Mid,64.8,Medium
EMP01053,29,Female,Bachelor's,9,Data Science,Mid,1,643494,0.69,0.4,1,0.83,5,0.7,3.49,17,0,0,1,2,7.0,2.65,3.75,2,1,Mid,60.3,Medium
EMP01054,39,Female,Master's,14,Finance,Manager,1,1418445,0.88,4.2,5,0.95,4,3.4,0.75,10,2,0,2,2,7.6,3.9,3.7,5,0,Mid,67.0,High
EMP01055,43,Male,PhD,23,Engineering,Junior,1,691508,0.85,1.0,5,0.87,2,2.05,0.63,24,2,1,4,0,5.5,4.0,2.45,3,0,Mid,72.1,High
EMP01056,42,Male,Master's,19,Engineering,Senior,9,1219209,0.87,7.1,7,0.9,4,4.2,4.63,31,2,1,7,7,5.6,3.75,4.75,7,0,High,71.0,High
EMP01057,28,Male,PhD,9,Finance,Manager,3,1542524,0.85,5.1,5,0.69,3,2.85,0.1,69,1,1,5,1,5.0,3.75,2.4,7,0,Low,58.8,Low
EMP01058,32,Male,Bachelor's,7,Sales,Junior,5,451439,0.86,1.3,3,0.59,2,3.85,2.16,20,1,3,7,2,7.9,4.25,3.0,5,1,Mid,64.0,Medium
EMP01059,37,Female,Diploma,17,HR,Senior,9,990737,0.68,4.9,4,0.59,2,3.95,0.09,14,1,0,6,3,8.6,3.9,4.25,3,0,Mid,64.1,Medium
EMP01060,42,Male,Bachelor's,21,Product,Mid,6,780468,0.82,1.3,4,0.55,4,4.2,3.23,12,0,1,7,1,5.4,2.45,3.9,1,0,Mid,54.4,Low
EMP01061,31,Male,Bachelor's,10,Engineering,Senior,9,986319,0.81,0.3,3,0.75,1,4.8,3.54,50,2,2,6,3,7.7,1.25,2.9,7,2,Mid,62.5,Medium
EMP01062,33,Male,Master's,9,Product,Junior,8,443469,0.58,9.8,4,0.87,3,4.35,4.48,28,0,0,3,0,8.2,3.8,3.7,4,0,Mid,55.3,Low
EMP01063,26,Female,Diploma,6,Sales,Junior,8,460779,0.79,3.2,4,0.91,3,3.6,0.41,14,2,3,9,2,6.9,2.8,3.5,0,1,High,66.6,High
EMP01064,25,Male,PhD,3,Product,Senior,1,808740,0.97,1.8,7,0.51,2,4.45,0.27,12,1,3,10,2,9.9,4.5,3.1,1,1,Mid,65.7,Medium
EMP01065,41,Male,Bachelor's,21,Marketing,Lead,9,1622496,0.84,1.5,6,0.62,5,2.5,1.4,30,1,2,4,3,5.3,4.05,1.95,5,0,Mid,47.8,Low
EMP01066,45,Male,Bachelor's,26,Engineering,Senior,6,1209241,0.9,1.2,3,0.59,1,4.05,0.63,19,0,1,2,1,6.9,3.35,3.0,8,0,High,69.7,High
EMP01067,34,Male,Diploma,9,Sales,Mid,9,657811,0.81,12.0,6,0.82,4,4.65,1.86,45,3,2,4,2,4.0,3.8,3.6,10,0,Mid,63.9,Medium
EMP01068,43,Female,Bachelor's,18,Sales,Junior,3,644488,0.65,0.4,3,0.57,2,2.5,1.44,7,1,1,5,2,8.0,4.15,2.6,4,0,Mid,69.8,High
EMP01069,37,Male,Master's,18,HR,Senior,3,1148463,0.69,1.1,3,0.8,4,1.9,0.31,15,3,1,1,0,6.4,2.85,3.1,5,0,High,56.0,Low
EMP01070,29,Male,PhD,9,HR,Junior,6,482413,0.92,2.0,3,0.65,1,3.05,2.69,31,0,2,3,0,4.5,3.85,2.4,8,0,High,61.0,Medium
EMP01071,37,Female,Master's,18,Marketing,Lead,9,1529249,0.86,2.0,2,0.68,3,4.05,3.26,24,1,1,3,1,8.4,2.55,3.05,4,0,High,63.5,Medium
EMP01072,47,Female,Bachelor's,24,Sales,Lead,7,1670195,0.61,1.9,6,0.82,2,3.2,6.6,15,0,2,5,4,7.3,3.05,3.25,6,1,Mid,46.1,Low
EMP01073,34,Male,Master's,15,Operations,Senior,3,957551,0.58,0.6,7,0.96,5,4.3,1.01,13,0,0,4,3,7.0,1.8,3.5,6,2,Mid,60.5,Medium
EMP01074,47,Female,Bachelor's,26,Sales,Manager,3,1837586,0.86,0.5,3,0.62,1,2.1,0.82,14,0,1,3,3,9.2,2.45,2.65,5,0,High,60.3,Medium
EMP01075,22,Female,PhD,3,HR,Junior,2,437608,0.77,0.9,4,0.86,2,3.25,0.43,40,2,3,3,0,6.3,2.0,2.35,6,0,Low,65.5,Medium
EMP01076,41,Male,Master's,16,Operations,Senior,9,1153055,0.86,7.4,3,0.93,2,0.9,0.4,18,3,1,6,1,8.5,2.6,2.65,9,1,High,60.8,Medium
EMP01077,35,Female,PhD,14,Engineering,Mid,3,686426,0.9,0.4,7,0.88,3,1.8,0.77,29,1,1,4,2,8.7,4.45,4.1,4,0,High,70.8,High
EMP01078,32,Female,Bachelor's,7,Engineering,Lead,5,1126558,0.84,4.2,3,0.75,3,4.15,8.01,30,2,2,6,3,6.7,4.7,4.05,5,1,High,64.2,Medium
EMP01079,35,Male,Diploma,11,Product,Mid,9,777921,0.84,4.3,5,0.57,5,3.45,0.19,7,1,0,5,2,7.5,3.35,4.3,4,0,Low,65.6,Medium
EMP01080,22,Male,Bachelor's,0,Finance,Senior,8,661999,0.74,5.0,4,0.55,3,2.6,0.6,11,3,2,5,1,10.0,2.7,2.6,7,0,High,55.5,Low
EMP01081,33,Male,Bachelor's,8,HR,Lead,2,1150567,0.66,6.5,2,0.79,1,1.4,0.18,13,1,2,5,2,6.0,4.05,4.05,9,2,Mid,58.7,Low
EMP01082,37,Female,Bachelor's,16,Finance,Junior,3,670176,0.71,0.9,2,0.83,6,4.2,0.64,18,0,0,3,3,8.3,3.05,3.55,5,2,Mid,57.5,Low
EMP01083,46,Non-binary,Master's,22,Operations,Mid,2,803207,0.88,0.8,4,0.27,2,2.8,0.19,13,2,2,5,0,7.6,3.05,4.4,6,0,High,65.2,Medium
EMP01084,30,Female,Master's,5,HR,Senior,8,783201,0.63,1.9,6,0.95,5,3.0,1.42,14,2,1,3,1,9.4,1.1,2.05,3,0,Mid,50.5,Low
EMP01085,28,Male,PhD,5,Marketing,Mid,6,632055,0.7,0.9,2,0.75,2,3.95,1.15,25,4,2,5,3,7.4,1.15,4.25,6,2,Low,54.1,Low
EMP01086,30,Female,Bachelor's,11,Sales,Mid,6,834010,0.86,4.0,3,0.7,5,3.2,0.38,12,2,0,6,1,8.5,3.3,4.4,5,1,Mid,64.9,Medium
EMP01087,42,Female,Bachelor's,20,Marketing,Junior,9,728754,0.95,3.0,4,0.76,1,3.5,0.38,36,1,0,2,1,5.1,2.95,4.4,4,0,Low,66.7,High
EMP01088,37,Male,Master's,12,Operations,Junior,8,534879,0.67,6.2,5,0.57,1,4.45,1.97,37,2,2,5,2,4.3,4.65,3.25,6,0,Mid,69.6,High
EMP01089,30,Male,Bachelor's,6,HR,Lead,4,1116288,0.81,0.3,4,0.66,3,4.6,0.98,23,0,0,2,2,5.9,2.7,2.8,7,1,Mid,61.3,Medium
EMP01090,39,Female,Master's,16,Data Science,Senior,4,1075721,0.94,7.4,1,0.71,1,0.85,0.12,46,2,0,3,3,6.8,4.05,3.8,5,0,Mid,65.5,Medium
EMP01091,35,Male,Diploma,15,Operations,Junior,9,586574,0.86,1.0,4,0.73,5,2.05,5.06,15,2,1,3,7,7.0,3.75,3.75,5,2,Low,66.7,High
EMP01092,42,Female,Diploma,18,Data Science,Mid,1,804989,0.55,2.0,5,0.77,5,3.25,1.04,41,2,0,6,1,9.1,2.35,3.3,6,0,Low,66.5,High
EMP01093,29,Male,Diploma,10,Sales,Mid,2,666183,0.92,1.7,2,0.95,3,4.55,1.79,11,1,0,4,5,6.9,2.95,3.25,1,0,Mid,69.4,High
EMP01094,32,Male,Master's,8,Engineering,Junior,2,464455,0.78,4.3,1,0.88,2,4.2,4.33,29,1,0,4,2,7.5,3.5,2.9,5,0,Mid,61.1,Medium
EMP01095,31,Male,Bachelor's,8,Engineering,Mid,6,706134,0.87,1.6,4,0.56,2,3.35,1.03,31,3,2,4,2,7.7,2.75,1.15,2,0,Mid,49.7,Low
EMP01096,23,Male,Bachelor's,0,Operations,Mid,4,480898,0.88,8.6,2,0.71,3,3.4,3.44,34,3,1,3,1,6.6,3.95,3.4,6,1,High,74.3,High
EMP01097,37,Female,Master's,14,Finance,Mid,3,892353,0.64,7.0,2,0.63,3,2.4,4.92,34,2,2,3,3,7.5,4.0,4.75,5,0,Mid,51.8,Low
EMP01098,37,Male,PhD,12,HR,Senior,3,878229,0.75,6.2,5,0.78,1,3.0,0.38,22,3,0,4,0,9.1,3.85,2.7,2,1,High,62.0,Medium
EMP01099,35,Female,Bachelor's,12,HR,Junior,3,498318,0.82,0.2,1,0.97,3,3.3,4.46,8,3,0,2,4,7.9,3.7,3.5,3,1,Low,80.4,High
EMP01100,33,Female,Bachelor's,10,Engineering,Senior,6,941131,0.88,5.8,4,0.32,3,4.6,0.26,60,1,1,1,4,8.4,2.85,4.15,5,0,Low,57.6,Low
EMP01101,23,Female,Bachelor's,1,Product,Senior,8,788346,0.37,4.6,9,0.97,4,3.05,0.64,25,1,0,5,2,8.0,2.9,4.35,3,0,Low,52.0,Low
EMP01102,31,Male,Master's,8,Marketing,Senior,7,784520,0.79,0.3,6,0.8,4,3.8,3.3,10,1,0,2,1,10.0,3.95,3.9,10,0,Low,69.3,High
EMP01103,32,Female,PhD,9,Product,Senior,4,864390,0.89,0.3,5,0.91,3,3.9,4.62,28,2,1,5,0,5.9,1.35,3.85,8,0,High,62.9,Medium
EMP01104,28,Female,Master's,8,Sales,Mid,4,792034,0.57,0.3,1,0.75,1,4.5,2.3,19,1,1,1,1,11.3,2.0,2.35,4,0,High,55.0,Low
EMP01105,33,Male,Bachelor's,8,Marketing,Lead,2,1013400,0.63,0.0,3,0.71,2,3.1,0.22,18,2,0,4,0,9.0,4.75,3.55,8,0,High,67.5,High
EMP01106,38,Male,Diploma,19,Marketing,Senior,1,1067001,0.98,2.4,3,0.83,3,4.25,1.48,27,0,2,3,1,9.3,4.3,1.9,3,0,Mid,69.5,High
EMP01107,50,Female,Master's,28,Operations,Mid,9,1134418,0.4,10.9,1,0.71,1,2.85,1.7,6,0,1,5,2,9.5,3.65,3.75,5,0,Mid,57.5,Low
EMP01108,36,Non-binary,Bachelor's,16,Engineering,Lead,2,1126659,0.69,1.7,5,0.77,2,3.25,0.66,22,3,1,3,6,9.1,3.45,3.65,4,2,High,56.8,Low
EMP01109,37,Male,Bachelor's,16,Product,Senior,8,1054287,0.81,2.3,2,0.76,2,4.25,9.49,26,2,4,5,3,5.6,3.8,4.75,4,1,Mid,78.1,High
EMP01110,34,Female,Bachelor's,9,Product,Mid,9,685515,0.69,10.3,6,0.86,2,3.9,0.82,10,3,1,2,1,5.8,4.35,4.55,6,0,High,75.2,High
EMP01111,22,Female,Bachelor's,0,Engineering,Junior,4,377990,0.81,0.9,2,0.82,2,4.75,0.47,27,1,2,1,6,8.5,3.6,2.7,10,1,Low,71.9,High
EMP01112,34,Female,Diploma,13,Product,Junior,8,520254,0.69,5.9,4,0.67,2,4.0,0.23,33,3,0,7,2,8.4,2.95,1.6,4,1,Mid,51.0,Low
EMP01113,35,Non-binary,Master's,16,Data Science,Lead,9,1142741,0.59,2.4,5,0.82,4,2.85,0.95,24,1,1,6,2,8.8,2.6,1.95,8,0,High,47.6,Low
EMP01114,54,Female,PhD,31,Engineering,Senior,5,1312404,0.98,2.5,5,0.34,1,3.15,2.36,18,1,0,7,1,7.6,4.3,3.7,8,0,High,67.8,High
EMP01115,33,Male,Bachelor's,13,Operations,Manager,7,1343387,0.74,1.3,1,0.58,4,3.35,0.53,27,2,0,0,1,5.5,3.9,2.95,6,1,High,66.1,High
EMP01116,37,Male,Bachelor's,13,Finance,Senior,4,1085156,0.49,2.5,3,0.98,2,4.8,2.94,10,3,1,10,1,7.3,2.7,3.55,5,0,Mid,67.2,High
EMP01117,34,Male,Master's,12,Marketing,Mid,1,738347,0.6,0.2,7,0.88,2,4.45,0.29,25,2,1,1,5,8.6,4.75,1.7,5,1,High,61.0,Medium
EMP01118,25,Female,Bachelor's,1,Operations,Junior,3,405066,0.59,4.3,3,0.84,8,3.1,1.16,54,4,1,2,0,7.1,3.4,3.5,7,0,Low,67.8,High
EMP01119,44,Female,Master's,23,HR,Senior,5,1360477,0.76,1.0,5,0.8,1,3.5,2.42,5,1,2,5,1,7.5,4.6,3.85,5,0,Low,70.3,High
EMP01120,41,Male,Diploma,16,Sales,Senior,3,1116127,0.56,6.6,3,0.85,6,3.75,0.29,20,1,1,5,3,7.5,3.5,4.25,6,1,Mid,58.3,Low
EMP01121,41,Female,Master's,22,Finance,Manager,7,1584815,0.52,1.4,12,0.89,7,3.55,1.82,24,3,1,5,2,6.7,2.25,2.25,8,0,High,53.4,Low
EMP01122,27,Female,Master's,2,HR,Junior,9,480371,0.8,0.5,1,0.47,2,2.85,3.21,20,2,0,4,3,6.3,4.3,2.95,7,0,Low,54.9,Low
EMP01123,46,Female,Bachelor's,24,Marketing,Mid,6,887245,0.81,3.6,2,0.43,3,3.15,1.81,21,1,2,2,4,10.7,2.35,3.65,6,0,Mid,53.4,Low
EMP01124,23,Male,Bachelor's,0,Product,Senior,1,635244,0.89,0.5,7,0.82,3,2.9,1.43,35,3,2,3,1,9.8,3.55,4.55,6,1,Mid,70.0,High
EMP01125,39,Female,Bachelor's,14,Engineering,Senior,7,1104640,0.67,4.2,2,0.76,2,2.6,3.64,7,0,0,7,1,9.1,2.75,3.75,4,1,Mid,59.3,Low
EMP01126,52,Male,Master's,30,Marketing,Senior,3,1368195,0.94,10.3,3,0.74,4,3.25,8.46,46,3,2,2,1,8.1,4.25,3.45,2,1,Low,80.8,High
EMP01127,27,Male,Bachelor's,7,Operations,Senior,5,853890,0.75,4.5,4,0.76,7,3.6,0.4,2,0,1,5,7,6.0,1.7,3.85,4,0,Low,58.9,Low
EMP01128,30,Male,Bachelor's,10,Sales,Junior,4,480922,0.43,0.1,1,0.9,5,3.65,2.35,25,0,1,4,0,8.8,4.35,2.6,2,0,High,51.3,Low
EMP01129,35,Male,Master's,13,Operations,Senior,5,1015052,0.5,2.7,4,0.91,4,3.35,0.17,47,1,1,2,1,9.2,3.4,3.55,7,1,Mid,59.8,Medium
EMP01130,30,Male,Bachelor's,11,Finance,Senior,5,892785,0.97,3.6,8,0.48,4,4.3,0.09,27,0,5,1,0,7.0,3.65,2.35,3,0,High,67.8,High
EMP01131,22,Female,Bachelor's,1,Finance,Lead,6,1015598,0.9,5.2,4,0.66,2,4.4,0.66,3,1,1,4,3,5.9,2.8,4.85,2,0,Mid,62.9,Medium
EMP01132,35,Male,Bachelor's,10,Sales,Lead,6,1046258,0.39,0.2,6,0.65,4,2.45,7.08,36,1,0,2,1,8.1,2.65,4.45,4,0,Low,63.7,Medium
EMP01133,26,Female,Diploma,7,Data Science,Mid,8,755731,0.89,2.0,5,0.63,1,2.1,1.61,43,1,1,3,0,9.1,2.9,2.5,4,2,Low,64.2,Medium
EMP01134,38,Male,Master's,13,HR,Mid,8,792272,0.58,2.3,3,0.66,6,2.3,0.62,56,1,1,5,3,6.5,5.0,2.1,2,0,Low,57.1,Low
EMP01135,27,Female,Master's,6,HR,Manager,9,1451838,0.75,0.6,2,0.73,1,3.25,0.28,29,2,0,3,5,8.3,3.25,4.5,6,0,Low,58.6,Low
EMP01136,47,Non-binary,Bachelor's,27,Finance,Mid,8,1078322,0.74,1.2,9,0.57,4,3.3,5.06,35,0,1,3,1,6.1,3.15,2.55,5,1,Low,63.1,Medium
EMP01137,28,Male,Diploma,9,Finance,Lead,2,1183547,0.91,1.7,1,0.74,1,3.7,0.9,22,2,1,4,3,5.8,3.1,3.25,4,0,Mid,69.9,High
EMP01138,32,Male,Master's,9,Product,Junior,1,481230,0.88,5.4,4,0.72,1,4.3,0.73,9,0,1,4,4,7.8,2.6,3.0,5,0,High,63.5,Medium
EMP01139,41,Male,Bachelor's,18,Engineering,Senior,2,1020283,0.82,8.0,7,0.85,2,1.65,3.9,7,1,1,4,0,6.3,3.6,2.85,4,1,High,71.9,High
EMP01140,25,Female,PhD,2,Product,Lead,2,851894,0.65,3.0,1,0.94,4,4.3,1.85,32,1,0,4,1,8.1,3.5,4.25,1,0,High,62.2,Medium
EMP01141,36,Female,Bachelor's,16,Product,Manager,3,1835224,0.75,1.5,8,0.73,4,4.35,0.37,16,1,0,3,1,5.1,4.65,2.95,4,0,Mid,73.1,High
EMP01142,45,Male,Master's,25,Data Science,Mid,7,1074205,0.85,0.9,7,0.87,2,4.15,1.09,11,3,2,4,1,6.2,3.1,3.45,9,0,Low,68.1,High
EMP01143,22,Female,Master's,1,HR,Senior,2,728378,0.72,12.1,1,0.47,5,4.75,5.27,17,1,2,1,1,9.0,4.5,2.8,5,0,Mid,60.5,Medium
EMP01144,36,Male,Bachelor's,11,Data Science,Mid,1,662664,0.84,12.2,3,0.64,5,1.85,4.63,6,1,0,4,0,8.5,3.5,4.7,4,1,Low,62.1,Medium
EMP01145,37,Male,Diploma,16,Data Science,Junior,6,571087,0.7,7.8,3,0.76,6,2.8,0.15,78,1,0,7,4,8.1,4.1,2.75,8,0,High,67.4,High
EMP01146,41,Female,Master's,20,Sales,Senior,9,1193245,0.82,4.6,3,0.55,3,3.95,0.63,19,2,0,1,5,6.8,2.7,4.35,5,0,Low,61.2,Medium
EMP01147,25,Male,Master's,5,HR,Senior,3,816673,0.89,1.2,3,0.79,2,3.0,0.34,14,0,0,8,1,7.5,3.1,3.15,6,0,Low,74.8,High
EMP01148,24,Female,Bachelor's,1,Engineering,Manager,6,1250567,0.74,5.1,4,0.9,3,4.25,1.53,18,1,0,6,1,7.2,3.05,2.7,2,2,Low,55.3,Low
EMP01149,39,Male,Bachelor's,15,Operations,Mid,3,933220,0.9,1.6,7,0.62,3,2.95,2.77,21,1,0,2,3,11.0,4.25,4.5,5,1,High,67.9,High
EMP01150,37,Non-binary,Bachelor's,12,Finance,Junior,1,493592,0.65,1.2,8,0.66,2,3.95,0.7,29,3,3,5,6,8.0,3.35,3.9,5,1,High,74.3,High
EMP01151,37,Male,Master's,17,Finance,Junior,5,596688,0.87,4.1,3,0.87,3,3.2,2.84,17,0,0,3,0,6.4,4.0,4.05,4,0,Mid,73.7,High
EMP01152,37,Male,Bachelor's,14,Engineering,Mid,4,778735,0.92,0.2,1,0.73,5,3.5,2.21,45,0,0,3,2,7.4,4.25,4.35,3,0,Mid,70.4,High
EMP01153,29,Female,Master's,10,Data Science,Mid,7,685301,0.75,0.1,4,0.58,2,4.25,2.61,24,2,0,4,0,5.0,4.4,2.4,4,1,Low,67.2,High
EMP01154,36,Male,Master's,12,Product,Senior,6,890512,0.83,1.8,4,0.91,4,4.35,5.92,17,0,2,5,1,4.6,4.0,3.2,5,0,Low,61.7,Medium
EMP01155,37,Non-binary,Bachelor's,13,Sales,Mid,7,676980,0.94,1.8,2,0.78,1,4.7,1.11,24,3,1,3,0,9.7,2.5,3.0,7,1,Mid,64.7,Medium
EMP01156,29,Female,Master's,9,Data Science,Manager,5,1587591,0.77,6.8,2,0.8,3,1.9,0.84,25,2,1,4,1,7.9,3.65,2.8,5,0,Mid,58.2,Low
EMP01157,49,Female,Bachelor's,27,Finance,Manager,4,1978455,0.81,0.4,6,0.32,1,3.2,2.3,9,2,0,4,0,6.8,3.7,1.6,8,0,Mid,63.3,Medium
EMP01158,38,Female,Diploma,13,Marketing,Senior,7,999867,0.89,0.4,3,0.81,3,4.3,3.3,10,0,1,3,3,7.5,3.7,4.1,4,0,Mid,58.8,Low
EMP01159,25,Female,Master's,1,Product,Manager,7,1297895,0.96,0.5,7,0.39,1,4.0,0.43,21,2,3,6,2,7.3,2.85,3.15,5,0,High,68.4,High
EMP01160,40,Female,Bachelor's,20,Finance,Senior,6,1247485,0.28,0.1,6,0.61,3,3.2,3.75,3,0,0,6,0,7.6,2.55,4.25,1,1,Mid,47.8,Low
EMP01161,27,Female,Bachelor's,7,Marketing,Mid,8,602488,0.82,0.2,3,0.56,2,4.6,0.12,33,1,0,2,5,9.2,2.35,2.55,5,1,High,64.4,Medium
EMP01162,41,Female,Bachelor's,18,Data Science,Junior,4,628089,0.88,3.2,4,0.92,3,3.8,0.01,18,1,1,7,3,8.3,4.5,4.7,7,0,Mid,76.8,High
EMP01163,44,Male,Master's,25,Engineering,Mid,5,963022,0.81,1.7,4,0.4,4,4.25,0.34,24,1,2,2,2,6.9,4.7,4.5,3,2,High,68.4,High
EMP01164,28,Male,Master's,6,Engineering,Senior,4,925353,0.89,4.3,4,0.69,3,3.8,7.7,40,3,0,4,3,4.9,4.15,3.45,6,0,Mid,66.8,High
EMP01165,42,Female,Master's,17,Product,Lead,1,1418188,0.5,14.7,2,0.53,3,4.2,1.48,14,2,0,5,1,6.0,4.35,4.4,10,1,Mid,56.3,Low
EMP01166,38,Male,Bachelor's,17,Finance,Mid,8,893902,0.7,3.2,5,0.56,5,2.95,0.1,32,1,0,2,3,8.6,4.4,1.85,4,0,Mid,55.8,Low
EMP01167,41,Male,Bachelor's,22,HR,Lead,1,1390920,0.78,0.2,6,0.6,2,3.95,11.74,16,3,0,4,6,9.8,4.15,1.05,5,1,Low,51.7,Low
EMP01168,50,Male,Bachelor's,31,Marketing,Senior,5,1516733,0.7,0.3,4,0.85,4,4.6,2.73,34,2,1,3,0,6.2,2.45,4.3,8,2,Low,68.6,High
EMP01169,33,Male,Master's,10,Sales,Junior,6,450173,0.86,6.4,4,0.94,3,3.55,3.64,40,2,0,5,0,6.0,2.25,3.85,7,1,Low,63.7,Medium
EMP01170,28,Female,PhD,4,Finance,Manager,6,1126310,0.85,2.2,6,0.65,2,1.85,0.48,17,0,1,5,2,6.9,4.45,4.5,10,0,Mid,64.7,Medium
EMP01171,27,Female,Bachelor's,3,Sales,Mid,5,580299,0.89,5.2,4,0.63,3,3.35,0.22,15,2,0,3,2,10.2,3.35,2.3,3,0,Low,59.3,Low
EMP01172,28,Male,Bachelor's,5,Finance,Mid,3,562239,0.66,5.8,2,0.81,3,3.1,1.45,33,1,2,6,6,7.7,4.4,3.25,5,0,Mid,66.6,High
EMP01173,34,Female,Master's,14,HR,Senior,5,941117,0.73,7.9,4,0.63,2,2.85,2.96,15,2,1,2,3,6.4,2.8,1.85,8,0,High,60.2,Medium
EMP01174,37,Female,PhD,13,HR,Junior,8,611069,0.87,9.0,2,0.89,3,3.15,2.03,6,2,0,7,2,7.0,4.7,1.65,6,1,High,68.5,High
EMP01175,37,Male,Master's,15,Product,Senior,2,1184392,0.88,2.4,1,0.7,3,3.1,1.99,39,2,1,2,3,6.7,3.15,3.5,5,1,Mid,68.8,High
EMP01176,41,Female,PhD,16,Product,Mid,6,780216,0.91,1.3,5,0.47,4,3.0,2.83,16,2,0,4,6,8.6,2.55,2.3,1,0,Low,55.3,Low
EMP01177,35,Male,Bachelor's,16,HR,Mid,9,770249,0.58,9.8,4,0.79,4,4.15,0.52,34,0,0,5,1,10.4,3.55,3.6,5,0,Low,53.1,Low
EMP01178,46,Male,Bachelor's,27,Operations,Manager,8,1893339,0.89,2.4,3,0.48,3,3.55,2.17,9,0,0,2,2,7.7,4.1,3.05,3,1,Low,74.1,High
EMP01179,32,Non-binary,PhD,10,HR,Mid,8,679453,0.76,0.2,1,0.51,5,3.9,1.0,29,1,0,2,1,9.1,4.2,4.0,2,0,Mid,74.8,High
EMP01180,56,Male,Master's,32,Engineering,Junior,8,674850,0.83,3.1,6,0.66,4,2.9,0.14,33,3,0,8,7,5.5,1.95,3.6,4,1,High,66.0,High
EMP01181,40,Female,Bachelor's,21,Engineering,Mid,7,1029706,0.64,2.7,3,0.95,5,2.25,0.45,24,2,1,3,3,11.0,1.8,4.4,10,0,Low,64.9,Medium
EMP01182,28,Female,Master's,7,Operations,Lead,8,973343,0.87,6.8,8,0.59,1,2.35,3.16,27,2,0,5,1,5.5,4.2,2.9,4,0,Mid,60.8,Medium
EMP01183,26,Male,PhD,1,Data Science,Junior,6,402112,0.82,3.2,8,0.87,1,3.55,4.53,14,1,0,3,1,9.3,4.3,1.8,3,2,Mid,63.1,Medium
EMP01184,38,Female,Master's,13,Marketing,Junior,2,474215,0.92,1.3,8,0.97,3,2.65,0.66,52,2,0,0,3,8.0,2.25,1.35,4,0,Low,67.0,High
EMP01185,33,Female,Master's,14,Data Science,Junior,2,628995,0.87,10.2,5,0.71,5,3.5,0.42,12,0,1,8,1,5.6,3.15,3.8,4,1,High,51.2,Low
EMP01186,40,Male,Bachelor's,17,Sales,Junior,8,645885,0.79,4.9,6,0.83,2,2.35,0.05,32,1,1,2,3,8.8,3.25,2.7,7,0,Mid,58.2,Low
EMP01187,38,Female,Master's,19,Data Science,Lead,1,1566771,0.86,3.0,4,0.73,1,4.0,5.9,19,1,1,2,1,7.5,4.5,1.7,3,0,High,63.4,Medium
EMP01188,34,Female,Master's,11,Finance,Senior,6,1038502,0.93,1.0,5,0.72,3,5.0,2.3,40,3,0,3,5,6.1,3.7,3.0,4,1,Mid,62.3,Medium
EMP01189,28,Female,PhD,9,Data Science,Mid,6,671452,0.79,1.4,3,0.65,0,2.5,6.29,13,2,1,6,1,7.5,4.1,3.75,4,1,Low,57.3,Low
EMP01190,22,Female,PhD,1,Finance,Senior,4,685506,0.5,3.3,2,0.69,3,2.5,3.99,13,3,1,4,3,5.0,4.1,3.85,4,1,Mid,56.3,Low
EMP01191,31,Male,PhD,11,Operations,Mid,3,788977,0.82,0.2,1,0.53,4,3.7,0.83,25,3,0,2,4,6.8,2.75,1.6,9,2,Low,59.5,Low
EMP01192,41,Female,Bachelor's,16,Engineering,Manager,3,1590026,0.85,0.9,2,0.73,2,4.1,0.24,32,2,3,2,3,6.1,2.15,2.8,6,0,Mid,71.4,High
EMP01193,36,Female,Master's,17,Product,Manager,1,1724794,0.64,3.8,3,0.66,3,2.15,1.38,13,4,0,2,2,7.2,1.75,3.2,2,2,High,52.3,Low
EMP01194,25,Female,Master's,4,Finance,Mid,3,534297,0.9,2.0,9,0.72,3,2.45,0.05,14,2,0,8,4,4.9,3.5,1.5,8,0,High,68.5,High
EMP01195,36,Female,Master's,13,Engineering,Lead,4,1062429,0.53,1.5,2,0.61,0,2.6,0.32,6,4,3,5,2,4.8,2.6,3.8,5,0,Mid,53.6,Low
EMP01196,38,Female,Master's,15,Marketing,Senior,5,1055077,0.57,0.5,1,0.77,6,3.45,0.53,12,0,2,5,1,6.2,3.65,3.95,5,1,Mid,59.4,Low
EMP01197,27,Male,PhD,2,Sales,Mid,3,605366,0.84,1.7,1,0.87,1,1.9,2.19,44,2,1,2,2,7.4,4.9,4.35,8,0,Mid,66.6,High
EMP01198,36,Female,Master's,14,Marketing,Junior,6,610847,0.84,4.4,3,0.46,1,2.9,1.43,7,2,2,4,1,6.0,2.35,3.35,7,1,Low,56.0,Low
EMP01199,35,Female,Master's,16,Operations,Mid,5,737291,0.96,0.9,9,0.86,3,3.95,0.72,16,1,1,4,2,8.2,3.75,4.15,6,0,Low,62.9,Medium
EMP01200,25,Female,Bachelor's,1,Data Science,Senior,3,744532,0.72,0.0,6,0.6,3,1.45,1.66,18,2,3,6,1,8.6,4.8,3.35,8,0,Low,79.4,High
EMP01201,37,Female,Bachelor's,14,Data Science,Manager,6,1444614,0.69,3.3,1,0.55,2,4.2,0.27,14,1,0,8,0,6.2,3.6,3.8,3,0,Mid,56.0,Low
EMP01202,39,Male,Master's,19,HR,Senior,6,992444,0.58,10.8,9,0.79,3,1.4,2.82,17,1,0,4,3,9.6,4.15,2.25,4,0,Mid,53.8,Low
EMP01203,43,Male,Master's,23,HR,Lead,8,1447266,0.67,2.8,4,0.84,3,2.9,2.49,34,2,1,6,1,7.0,3.1,1.35,4,0,Low,53.5,Low
EMP01204,43,Male,Bachelor's,20,HR,Senior,2,1035649,0.86,0.4,4,0.86,5,3.3,0.49,22,2,1,3,3,10.2,3.3,2.7,3,0,High,63.5,Medium
EMP01205,23,Male,Bachelor's,1,Marketing,Lead,1,830746,0.88,1.2,3,0.76,1,2.9,1.86,18,2,1,7,4,7.1,3.05,2.9,3,1,Low,62.8,Medium
EMP01206,27,Female,Master's,5,Finance,Senior,4,782680,0.76,6.1,2,0.79,4,3.5,1.4,31,1,2,2,4,5.8,3.45,1.05,3,2,Low,60.9,Medium
EMP01207,39,Female,Bachelor's,18,Sales,Mid,7,800148,0.93,0.8,7,0.83,5,2.45,0.13,22,2,2,2,2,9.3,3.7,3.55,1,0,Mid,70.1,High
EMP01208,39,Female,Bachelor's,19,HR,Senior,3,990543,0.73,2.8,4,0.67,4,4.15,0.65,36,0,0,5,2,5.9,4.0,1.95,6,0,High,61.2,Medium
EMP01209,39,Male,Bachelor's,18,Operations,Lead,3,1188476,0.91,1.5,4,0.92,1,2.3,15.0,13,1,1,7,1,9.2,3.75,3.1,3,0,High,68.2,High
EMP01210,60,Female,Bachelor's,38,Operations,Junior,5,777226,0.96,0.7,2,0.81,2,2.55,0.21,48,1,0,6,0,7.7,3.25,3.95,1,0,Mid,71.4,High
EMP01211,39,Male,Bachelor's,20,HR,Lead,5,1218156,0.82,5.0,1,0.84,2,2.75,1.41,9,0,1,7,3,6.7,3.05,2.75,3,0,Low,51.9,Low
EMP01212,44,Male,Bachelor's,25,Data Science,Junior,3,726555,0.83,4.1,4,0.85,7,4.45,3.79,11,3,1,4,0,6.3,2.7,3.2,3,0,High,63.0,Medium
EMP01213,42,Female,Bachelor's,18,HR,Mid,9,807377,0.82,3.3,3,0.83,2,3.15,0.72,21,1,1,7,2,7.4,4.45,3.9,9,0,High,72.4,High
EMP01214,40,Female,PhD,21,Sales,Lead,4,1339620,0.81,0.8,5,0.66,3,3.25,0.6,4,2,1,2,4,8.5,4.6,4.85,4,0,High,67.3,High
EMP01215,32,Male,Master's,8,HR,Mid,3,659401,0.81,0.3,2,0.68,4,3.35,4.43,27,1,2,8,2,7.4,3.25,4.6,5,0,High,68.8,High
EMP01216,41,Male,Master's,22,Sales,Junior,2,696429,0.49,2.6,2,0.88,10,3.75,0.73,12,1,2,6,3,9.7,3.65,3.35,5,2,Low,63.1,Medium
EMP01217,28,Male,Bachelor's,3,Operations,Mid,9,678270,0.89,2.4,5,0.71,5,2.75,2.11,18,2,1,4,2,5.7,3.3,2.1,7,1,High,57.2,Low
EMP01218,33,Male,Bachelor's,14,HR,Lead,4,1346726,0.9,0.6,1,0.95,3,3.35,2.7,12,1,0,5,4,7.4,2.85,3.85,7,0,High,73.0,High
EMP01219,31,Female,Master's,10,Marketing,Junior,3,555494,0.59,0.2,4,0.81,3,1.95,3.11,3,1,1,2,1,9.2,4.1,2.2,4,0,Mid,54.8,Low
EMP01220,35,Male,Bachelor's,12,Product,Lead,7,1191195,0.84,0.3,3,0.47,2,3.7,10.5,22,1,0,4,2,5.7,3.2,3.15,6,0,High,62.6,Medium
EMP01221,53,Female,Master's,32,Marketing,Junior,8,829583,0.84,14.8,2,0.77,1,3.65,3.25,62,0,2,3,1,9.1,3.65,2.45,4,1,Mid,66.3,High
EMP01222,22,Male,Master's,0,Operations,Manager,2,1137728,0.78,4.6,3,0.84,6,2.65,2.14,17,2,1,2,0,7.5,3.35,3.2,2,1,Low,64.5,Medium
EMP01223,40,Male,Master's,18,Sales,Manager,7,1577976,0.64,7.7,2,0.53,5,4.3,4.52,25,2,1,2,1,7.7,4.2,3.75,8,0,Mid,49.2,Low
EMP01224,22,Male,Bachelor's,1,Marketing,Mid,5,526374,0.79,0.7,4,0.61,6,4.0,4.72,22,0,0,1,2,7.0,3.65,1.2,2,1,High,47.0,Low
EMP01225,31,Male,Bachelor's,9,Sales,Mid,5,667758,0.93,9.7,4,0.68,3,1.3,7.24,29,1,1,2,4,5.7,3.35,2.6,3,1,Mid,60.9,Medium
EMP01226,43,Male,Master's,19,Marketing,Mid,3,987553,0.79,0.5,4,0.57,4,4.05,3.0,2,2,0,3,1,7.4,3.25,3.8,3,1,Mid,62.6,Medium
EMP01227,35,Male,Bachelor's,11,Marketing,Senior,5,971221,0.84,2.1,1,0.72,2,3.45,0.43,26,1,3,4,3,6.7,2.7,4.3,2,1,Mid,57.7,Low
EMP01228,26,Female,Master's,1,Sales,Junior,2,440910,0.79,5.3,6,0.63,4,3.45,2.47,21,0,0,4,0,9.8,4.6,3.35,6,0,Low,60.2,Medium
EMP01229,29,Male,Master's,10,Finance,Junior,4,496063,0.71,1.3,2,0.74,2,2.95,0.16,24,1,0,2,5,8.3,2.8,2.9,6,1,Mid,51.0,Low
EMP01230,40,Non-binary,Diploma,19,Marketing,Junior,6,610613,0.95,1.7,1,0.66,1,3.2,0.77,8,2,2,3,1,7.6,2.55,3.9,3,1,Mid,64.8,Medium
EMP01231,29,Male,Bachelor's,7,HR,Mid,1,601484,0.58,0.4,4,0.69,3,0.95,0.25,33,2,3,6,6,9.5,4.45,2.65,7,0,Low,64.1,Medium
EMP01232,36,Female,PhD,13,Product,Mid,4,701640,0.59,0.4,4,0.69,3,2.6,5.99,11,1,0,3,1,7.4,3.05,3.3,4,0,High,52.8,Low
EMP01233,35,Female,Master's,11,Operations,Senior,6,1051642,0.84,2.9,4,0.64,1,3.8,0.83,18,2,0,4,2,8.6,2.7,3.4,3,1,High,64.3,Medium
EMP01234,29,Female,Bachelor's,10,Finance,Manager,9,1493057,0.87,3.4,6,0.64,3,4.2,2.5,20,1,0,4,0,9.2,2.7,3.75,6,1,Low,64.1,Medium
EMP01235,52,Female,Bachelor's,28,Sales,Mid,2,980178,0.56,4.5,5,0.87,1,3.55,1.69,26,0,1,4,2,7.1,2.55,2.15,7,0,Mid,62.4,Medium
EMP01236,40,Male,Master's,17,Finance,Senior,7,1185977,0.78,2.4,5,0.8,1,2.75,0.23,20,1,0,6,1,8.2,2.85,3.3,4,0,Mid,67.6,High
EMP01237,22,Female,Bachelor's,3,Engineering,Mid,6,563982,0.59,3.1,6,0.48,3,2.2,1.65,34,4,0,10,3,6.8,4.35,4.05,3,2,Mid,53.8,Low
EMP01238,36,Male,Bachelor's,17,Engineering,Lead,2,1518565,0.8,0.0,2,0.9,4,3.55,2.16,12,2,0,3,3,9.2,4.95,2.7,4,0,Mid,66.9,High
EMP01239,29,Female,Bachelor's,7,Marketing,Lead,8,1015228,0.77,0.5,2,0.58,2,3.9,4.27,54,1,0,9,0,7.5,3.25,2.85,2,0,Mid,58.3,Low
EMP01240,41,Male,PhD,19,Marketing,Lead,7,1314168,0.73,12.6,4,0.62,1,3.0,0.15,52,2,0,0,5,9.6,4.55,2.85,7,2,Mid,60.2,Medium
EMP01241,28,Male,Master's,7,HR,Manager,5,1278730,0.64,0.2,4,0.66,3,2.9,0.7,28,1,0,3,2,7.8,3.3,3.5,6,0,Low,64.5,Medium
EMP01242,34,Female,Master's,13,Product,Junior,5,492968,0.85,3.4,1,0.67,4,4.0,2.36,9,0,0,3,3,11.3,3.0,3.35,5,1,Mid,62.7,Medium
EMP01243,39,Female,Bachelor's,19,Operations,Lead,7,1220424,0.66,0.6,4,0.73,6,3.55,0.07,9,0,1,1,2,6.4,2.4,4.65,4,1,Mid,64.6,Medium
EMP01244,41,Female,Bachelor's,21,Finance,Senior,9,1225744,0.95,3.8,2,0.74,3,3.9,0.46,41,0,2,2,0,8.8,3.5,2.05,7,2,Low,53.2,Low
EMP01245,25,Female,Master's,0,Engineering,Junior,9,445014,0.79,3.7,1,0.74,4,4.05,0.49,11,2,1,1,1,7.4,2.15,3.9,5,0,Mid,67.6,High
EMP01246,32,Non-binary,Master's,8,Marketing,Manager,9,1509842,0.59,0.8,5,0.53,7,3.45,2.21,51,1,0,5,5,7.2,2.9,4.7,6,1,Low,64.5,Medium
EMP01247,31,Male,Bachelor's,10,Data Science,Junior,6,464012,0.8,0.9,5,0.74,3,3.8,0.67,40,1,4,1,0,4.7,3.5,1.75,2,0,Mid,69.6,High
EMP01248,29,Male,Master's,7,Data Science,Senior,6,883113,0.54,3.2,4,0.69,4,3.6,1.83,11,2,1,3,1,7.6,3.75,3.65,4,0,Low,56.5,Low
EMP01249,49,Male,Diploma,26,Operations,Junior,3,627754,0.98,1.5,2,0.67,4,2.6,6.72,17,3,1,5,7,6.0,3.6,2.45,7,0,Mid,70.1,High
EMP01250,38,Male,Master's,16,Finance,Mid,1,715742,0.86,0.6,2,0.97,3,1.4,3.15,38,3,1,2,0,7.0,4.6,3.85,3,0,High,73.3,High
EMP01251,24,Female,Master's,0,Marketing,Senior,7,753779,0.48,3.9,5,0.75,7,4.2,0.81,25,0,3,3,3,6.1,4.4,4.0,4,0,Mid,61.8,Medium
EMP01252,42,Male,Diploma,22,Marketing,Senior,4,1207804,0.82,0.5,6,0.64,4,4.15,1.28,14,1,0,4,3,6.3,3.4,3.85,4,1,Mid,62.9,Medium
EMP01253,51,Female,Bachelor's,29,Engineering,Mid,1,915888,0.85,5.8,5,0.64,2,3.8,0.45,30,3,0,5,0,5.9,3.9,3.05,5,1,Mid,65.6,Medium
EMP01254,43,Male,Master's,18,Engineering,Mid,8,742079,0.69,2.2,4,0.94,5,1.8,0.03,38,4,0,5,1,5.9,3.85,2.7,2,1,High,58.1,Low
EMP01255,22,Female,Diploma,0,Marketing,Lead,6,1009295,0.85,0.3,7,0.92,1,4.15,0.68,6,1,1,2,0,5.1,2.7,2.35,6,1,Mid,61.2,Medium
EMP01256,31,Female,Bachelor's,11,Sales,Junior,6,456991,0.85,3.6,5,0.65,2,2.5,0.92,33,1,1,7,2,8.1,3.55,3.9,5,0,Low,61.8,Medium
EMP01257,45,Male,Master's,22,Marketing,Mid,2,914130,0.6,2.2,6,0.84,2,3.15,1.66,36,2,1,2,1,7.5,3.15,2.0,4,0,High,56.6,Low
EMP01258,29,Male,Master's,9,Operations,Lead,1,1119148,0.61,1.1,7,0.51,3,2.3,5.77,4,3,1,5,3,8.6,3.2,2.75,4,0,Low,53.1,Low
EMP01259,38,Male,Master's,19,Marketing,Lead,2,1222970,0.78,1.6,4,0.67,1,2.4,5.91,19,1,1,6,0,6.9,2.75,2.95,4,0,High,57.5,Low
EMP01260,41,Male,Master's,16,HR,Mid,4,746515,0.85,1.1,4,0.83,1,3.75,0.15,17,1,2,5,2,6.5,3.45,3.5,6,0,Mid,67.1,High
EMP01261,27,Male,Diploma,3,Product,Senior,2,749908,0.71,0.9,1,0.42,2,2.0,1.91,12,1,0,4,2,7.4,2.1,3.05,5,1,Low,52.2,Low
EMP01262,34,Male,Master's,11,HR,Lead,1,1262279,0.96,0.5,5,0.45,4,4.05,0.09,35,1,0,2,1,8.6,2.3,2.65,2,0,High,62.0,Medium
EMP01263,22,Male,Bachelor's,0,HR,Lead,7,881869,0.88,1.4,6,0.44,2,1.95,2.09,9,1,0,1,4,7.9,2.9,2.65,4,1,Low,56.2,Low
EMP01264,26,Female,PhD,6,Sales,Mid,8,688137,0.82,0.9,6,0.39,4,3.25,0.25,13,3,1,4,1,7.5,2.9,2.55,8,0,Low,57.2,Low
EMP01265,32,Female,Bachelor's,7,Sales,Junior,6,554447,0.47,3.5,5,0.84,4,3.5,5.85,40,1,0,8,4,8.5,2.7,3.0,7,0,Mid,58.5,Low
EMP01266,25,Female,Bachelor's,1,Data Science,Mid,4,623175,0.91,3.5,1,0.75,1,3.15,4.0,21,0,1,4,2,7.5,3.35,3.55,10,0,Mid,72.1,High
EMP01267,48,Male,Master's,27,Marketing,Mid,6,993640,0.86,2.1,3,0.7,4,1.8,0.05,24,0,0,5,4,6.6,4.9,4.8,4,0,Low,67.1,High
EMP01268,23,Female,Master's,0,HR,Senior,3,708431,0.56,4.5,6,0.54,3,3.8,3.05,7,1,1,5,1,8.9,3.95,2.75,4,0,Mid,52.3,Low
EMP01269,31,Male,Bachelor's,12,Sales,Junior,8,563383,0.57,5.5,5,0.72,3,3.8,2.02,9,1,0,4,3,5.6,4.25,4.4,2,0,High,64.2,Medium
EMP01270,36,Male,Diploma,11,Engineering,Senior,2,1005106,0.81,2.6,4,0.78,3,3.5,1.37,25,0,2,1,2,5.4,2.8,2.25,2,0,Low,59.4,Low
EMP01271,46,Female,Master's,26,Marketing,Mid,5,997012,0.92,2.9,6,0.95,1,4.05,1.85,11,0,3,2,2,7.5,3.1,3.35,5,1,Mid,62.4,Medium
EMP01272,23,Male,Master's,3,Operations,Mid,1,636926,0.78,1.0,7,0.75,4,2.75,2.27,56,2,2,3,0,7.6,2.8,1.85,5,0,High,56.6,Low
EMP01273,44,Female,Bachelor's,21,Product,Lead,6,1229366,0.77,6.8,5,0.78,6,2.0,4.32,16,0,1,5,0,7.8,3.0,3.5,5,0,High,54.4,Low
EMP01274,35,Female,Diploma,15,Finance,Mid,2,794856,0.88,0.1,4,0.63,1,3.7,2.92,18,1,0,4,3,7.0,3.5,4.0,8,0,Low,63.0,Medium
EMP01275,27,Male,Diploma,5,Marketing,Junior,4,429493,0.84,1.3,10,0.28,1,4.1,1.71,27,5,0,3,1,9.5,4.65,3.0,5,0,High,69.9,High
EMP01276,38,Male,Master's,14,Finance,Lead,6,1110584,0.64,3.8,1,0.42,1,4.35,3.48,20,2,0,2,4,5.3,3.5,4.1,9,0,High,66.8,High
EMP01277,36,Male,Bachelor's,12,HR,Junior,8,478645,0.92,0.3,3,0.74,4,3.5,8.67,40,1,3,1,4,7.7,1.2,4.35,6,2,High,62.3,Medium
EMP01278,30,Female,Bachelor's,9,Product,Senior,8,942707,0.75,0.6,6,0.69,3,4.0,0.71,31,5,3,4,5,8.6,2.95,3.25,5,0,Mid,59.8,Medium
EMP01279,35,Male,Bachelor's,14,Finance,Senior,6,1029638,0.72,2.7,2,0.66,5,2.4,0.25,41,3,0,7,1,9.6,4.4,3.0,7,0,Low,64.7,Medium
EMP01280,31,Male,Bachelor's,7,HR,Mid,4,627508,0.75,2.5,7,0.6,4,2.55,2.63,28,1,1,5,2,9.5,3.1,2.3,2,0,Low,55.9,Low
EMP01281,35,Male,Bachelor's,16,Engineering,Lead,8,1291049,0.9,4.0,2,0.82,2,4.05,7.69,31,1,1,5,3,5.9,2.1,2.25,3,1,Mid,72.6,High
EMP01282,40,Female,Diploma,19,Finance,Mid,8,877151,0.9,5.0,4,0.8,2,1.55,0.25,15,2,0,7,1,8.0,2.9,4.35,6,1,Low,68.0,High
EMP01283,47,Male,Master's,24,Product,Mid,1,875069,0.7,0.4,9,0.66,5,2.4,1.13,23,1,0,2,0,7.2,3.3,4.1,2,0,High,55.7,Low
EMP01284,25,Male,Bachelor's,5,Data Science,Junior,4,480988,0.7,0.1,7,0.85,1,4.35,0.13,34,1,1,5,7,7.5,2.25,3.8,4,1,Low,59.9,Medium
EMP01285,52,Female,Bachelor's,28,Marketing,Mid,4,1117237,0.93,3.5,3,0.48,1,2.1,3.0,25,1,1,5,3,9.2,3.1,3.5,3,0,High,62.8,Medium
EMP01286,22,Female,Bachelor's,1,HR,Manager,7,1254469,0.68,1.1,4,0.75,3,3.65,5.94,16,1,1,3,4,10.3,2.0,2.95,7,1,Low,57.3,Low
EMP01287,33,Male,Bachelor's,9,Marketing,Mid,7,733062,0.96,3.0,6,0.77,3,2.35,1.38,31,3,1,3,2,7.9,4.05,4.25,6,0,Mid,71.8,High
EMP01288,39,Male,Bachelor's,17,Product,Mid,8,848552,0.85,0.5,3,0.84,3,3.7,1.05,12,1,0,5,3,4.5,2.6,3.6,4,0,Mid,64.8,Medium
EMP01289,37,Male,Bachelor's,12,Sales,Mid,5,661298,0.82,1.9,4,0.67,2,3.05,4.77,20,1,0,3,0,5.0,2.3,3.65,5,1,Mid,65.3,Medium
EMP01290,30,Female,Master's,10,HR,Senior,7,876423,0.74,2.1,4,0.93,9,3.9,0.29,36,2,1,3,2,7.4,3.1,4.65,7,1,Mid,79.0,High
EMP01291,33,Male,Diploma,9,Finance,Junior,8,446014,0.73,2.6,2,0.79,4,2.5,4.44,63,1,0,1,4,9.0,4.0,3.65,7,1,Mid,74.1,High
EMP01292,31,Female,Bachelor's,6,HR,Mid,9,752748,0.85,2.2,6,0.67,2,2.9,1.0,5,3,0,7,3,6.3,3.75,4.25,1,0,Low,61.3,Medium
EMP01293,30,Female,Bachelor's,9,Marketing,Senior,3,814295,0.9,2.1,1,0.69,4,2.75,1.64,35,0,2,2,2,7.2,3.6,2.95,5,0,Low,61.1,Medium
EMP01294,41,Female,PhD,16,Engineering,Junior,3,530155,0.42,1.2,3,0.77,3,2.95,1.5,36,0,1,5,2,9.9,3.0,4.3,4,0,Mid,46.1,Low
EMP01295,37,Male,Bachelor's,17,HR,Junior,4,674591,0.66,0.2,6,0.68,6,3.6,1.91,14,0,0,9,1,6.9,4.2,4.05,6,1,Low,63.8,Medium
EMP01296,29,Female,Bachelor's,5,Finance,Junior,5,521262,0.55,0.3,5,0.72,3,2.9,5.7,12,0,0,5,0,10.1,4.15,4.55,6,0,Low,59.5,Medium
EMP01297,42,Female,PhD,20,Sales,Mid,1,967454,0.93,1.7,5,0.88,2,4.3,6.04,10,3,0,6,2,6.9,4.1,4.05,6,1,Low,74.0,High
EMP01298,37,Female,Bachelor's,18,Data Science,Lead,7,1154117,0.57,1.3,4,0.45,6,3.4,3.56,39,3,2,6,3,8.9,1.85,4.0,7,0,High,53.3,Low
EMP01299,41,Male,Master's,20,Operations,Junior,9,544258,0.68,2.2,3,0.83,2,1.85,0.43,13,4,0,1,1,7.6,4.65,3.9,8,0,Mid,63.2,Medium
EMP01300,40,Non-binary,Master's,16,Engineering,Junior,8,570350,0.76,1.1,4,0.82,4,4.05,0.81,6,2,0,3,1,8.7,3.1,2.65,3,1,Low,53.8,Low
EMP01301,28,Male,Bachelor's,8,Data Science,Mid,5,620112,0.8,3.5,6,0.72,2,3.8,1.34,27,2,0,7,2,10.5,3.7,2.0,6,0,Low,60.2,Medium
EMP01302,30,Male,Bachelor's,9,Sales,Senior,4,782283,0.82,6.0,4,0.67,1,2.25,4.72,20,2,1,4,1,8.1,4.4,2.45,2,0,Mid,63.7,Medium
EMP01303,40,Male,Master's,17,HR,Senior,7,1075479,0.99,1.1,2,0.75,3,1.85,1.47,18,3,0,4,0,9.4,3.2,3.5,2,0,Mid,63.1,Medium
EMP01304,39,Female,Bachelor's,14,Marketing,Mid,5,900896,0.77,0.6,2,0.82,2,3.9,7.58,4,4,2,2,1,6.2,2.15,1.95,1,0,Mid,62.3,Medium
EMP01305,34,Male,Bachelor's,15,Product,Senior,7,988820,0.56,0.4,3,0.74,3,2.8,8.25,18,3,0,3,3,6.1,3.6,3.9,5,1,High,58.8,Low
EMP01306,35,Male,Master's,15,Marketing,Senior,1,1094469,0.81,2.9,1,0.91,1,2.8,1.83,23,0,0,3,2,5.1,1.85,3.1,5,0,Mid,59.8,Medium
EMP01307,45,Male,Master's,22,Data Science,Lead,1,1527515,0.99,1.8,3,0.65,2,4.3,4.2,21,4,1,4,0,5.9,2.25,4.2,4,1,Mid,77.4,High
EMP01308,30,Male,Bachelor's,6,Finance,Lead,3,960856,0.67,0.6,3,0.6,2,2.3,14.32,7,3,1,5,1,9.8,4.6,4.8,4,0,Mid,63.8,Medium
EMP01309,39,Female,PhD,17,Marketing,Mid,2,883759,0.41,3.2,7,0.83,3,4.15,3.79,21,1,0,0,7,8.0,2.5,3.65,3,0,Mid,57.7,Low
EMP01310,33,Female,Bachelor's,12,Engineering,Mid,2,695874,0.83,0.5,5,0.85,4,4.7,2.14,13,5,0,3,0,7.1,0.8,3.9,3,1,Low,67.1,High
EMP01311,33,Male,PhD,8,Marketing,Junior,7,439754,0.95,2.4,6,0.67,5,3.55,3.73,43,2,0,4,0,7.8,4.45,4.3,5,0,Mid,75.1,High
EMP01312,43,Male,Master's,22,Finance,Mid,2,985761,0.73,2.2,3,0.89,4,4.15,0.17,17,1,0,3,0,8.5,4.15,2.45,5,0,Mid,66.3,High
EMP01313,41,Female,Master's,22,Operations,Manager,4,1643592,0.86,4.0,12,0.57,5,3.35,2.01,15,1,0,2,0,8.7,3.4,1.5,2,0,Mid,57.1,Low
EMP01314,41,Male,Master's,17,HR,Mid,2,971655,0.8,0.2,7,0.73,2,3.95,0.49,14,0,1,9,5,7.8,3.45,4.15,3,2,Low,60.3,Medium
EMP01315,45,Male,Diploma,24,Product,Junior,6,622664,0.76,6.6,1,0.76,3,1.95,0.25,15,3,0,4,3,9.6,3.4,1.2,5,0,Mid,52.2,Low
EMP01316,35,Non-binary,Bachelor's,10,Data Science,Senior,8,962435,0.89,3.6,2,0.53,3,3.75,4.47,8,3,1,4,3,6.0,4.1,2.3,2,0,High,65.2,Medium
EMP01317,40,Female,Master's,16,HR,Mid,4,806764,0.86,0.7,3,0.73,3,3.95,2.04,20,1,2,5,2,7.0,2.15,4.05,8,0,Mid,69.1,High
EMP01318,32,Male,Bachelor's,11,Marketing,Junior,5,472371,0.77,0.6,5,0.39,2,3.2,0.56,9,0,0,2,3,9.3,3.55,4.1,1,1,Low,56.6,Low
EMP01319,37,Female,Bachelor's,15,Sales,Mid,4,696982,0.75,1.7,8,0.69,1,4.0,0.98,13,1,2,5,2,8.9,1.15,2.7,2,0,Mid,60.0,Medium
EMP01320,33,Male,Bachelor's,13,HR,Mid,3,807060,0.96,5.1,5,0.85,1,4.0,7.24,29,1,2,5,0,8.1,3.2,4.65,10,0,High,70.9,High
EMP01321,35,Female,Diploma,11,Operations,Senior,5,1045725,0.54,5.6,5,0.67,3,2.85,3.96,31,1,1,2,0,6.7,4.05,2.05,7,0,Mid,56.6,Low
EMP01322,39,Male,Diploma,19,Marketing,Junior,9,692435,0.79,2.2,4,0.94,2,4.35,0.03,19,1,0,3,1,8.7,3.0,4.25,2,1,Low,69.4,High
EMP01323,28,Male,Bachelor's,4,Product,Mid,8,623947,0.55,5.9,4,0.63,3,3.6,7.8,37,0,0,2,3,6.1,4.85,4.4,4,0,Mid,59.4,Low
EMP01324,51,Male,Bachelor's,29,Finance,Mid,8,1134365,0.74,0.0,6,0.66,7,3.95,0.92,21,1,0,8,3,9.3,2.55,2.15,4,0,High,54.8,Low
EMP01325,26,Female,Master's,6,Operations,Mid,8,695065,0.69,0.1,4,0.96,2,3.25,2.38,41,3,0,8,1,9.8,2.55,2.7,3,0,Mid,52.6,Low
EMP01326,25,Female,Bachelor's,2,Marketing,Senior,8,814545,0.9,7.3,4,0.82,3,4.45,2.49,22,2,0,3,3,6.6,3.35,4.25,6,0,Low,68.5,High
EMP01327,44,Male,Bachelor's,19,Operations,Mid,7,877247,0.71,4.5,2,0.92,5,3.45,4.85,11,2,0,3,2,11.4,4.2,4.2,4,2,Mid,73.4,High
EMP01328,41,Male,Master's,18,HR,Mid,8,896916,0.89,1.8,3,0.81,4,3.95,4.33,59,0,0,5,3,6.0,2.85,3.55,4,1,Mid,58.6,Low
EMP01329,39,Female,Master's,18,Product,Manager,8,1882891,0.65,4.2,7,0.67,4,4.9,0.66,12,0,1,8,2,7.2,4.5,4.45,5,0,Mid,61.1,Medium
EMP01330,40,Male,Diploma,18,Finance,Senior,8,1074832,0.88,9.3,5,0.83,1,4.8,2.06,35,1,0,5,2,7.2,1.0,4.05,6,0,Mid,61.9,Medium
EMP01331,34,Male,Bachelor's,11,Marketing,Junior,7,580834,0.72,4.4,1,0.74,0,1.8,1.0,32,1,0,2,2,7.3,4.65,1.9,6,1,Mid,48.7,Low
EMP01332,27,Non-binary,Bachelor's,3,Engineering,Senior,1,806464,0.71,5.5,4,0.85,4,2.95,1.49,23,1,0,4,2,9.6,2.8,0.95,7,0,Low,42.9,Low
EMP01333,35,Male,Master's,14,Data Science,Senior,4,919925,0.72,4.3,3,0.91,4,4.55,1.62,13,0,0,3,2,8.2,3.45,4.65,5,0,Mid,77.7,High
EMP01334,29,Female,Master's,8,Finance,Senior,4,765491,0.84,0.6,4,0.94,3,2.6,1.01,22,0,0,4,1,6.3,4.8,4.45,2,0,Mid,74.0,High
EMP01335,42,Non-binary,Master's,19,Engineering,Junior,5,602142,0.64,5.4,4,0.88,3,4.05,1.25,18,3,1,8,1,7.7,4.85,1.35,9,0,Mid,66.2,High
EMP01336,33,Male,Master's,10,Operations,Manager,6,1476396,0.87,0.7,2,0.59,1,4.6,0.47,11,2,0,3,0,8.5,3.05,1.0,7,0,Low,60.8,Medium
EMP01337,28,Male,Bachelor's,6,Sales,Mid,4,728165,0.71,6.7,1,0.81,5,3.25,1.87,20,2,1,0,2,8.3,3.6,2.25,4,0,Mid,61.8,Medium
EMP01338,32,Male,PhD,7,Finance,Junior,2,429910,0.68,1.8,2,0.74,6,3.15,2.85,15,1,2,3,2,9.3,3.15,3.05,4,2,Low,56.8,Low
EMP01339,38,Female,Bachelor's,15,Operations,Junior,6,632235,0.85,3.4,3,0.56,1,3.45,1.12,22,1,2,2,1,7.6,3.1,3.95,0,1,Mid,68.8,High
EMP01340,30,Female,Bachelor's,11,Engineering,Junior,8,589936,0.87,2.1,1,0.43,6,4.15,7.6,11,2,3,4,1,8.7,4.4,4.55,9,0,Low,76.5,High
EMP01341,28,Female,Master's,5,HR,Lead,8,905948,0.96,0.3,5,0.74,3,3.25,0.12,18,4,1,6,0,7.3,3.55,2.65,6,1,Low,64.4,Medium
EMP01342,36,Male,Bachelor's,16,HR,Junior,7,654443,0.81,1.0,4,0.78,4,3.2,1.78,29,1,1,4,2,6.5,4.05,3.95,6,1,Mid,67.1,High
EMP01343,36,Female,Bachelor's,12,Sales,Junior,6,624205,0.89,12.4,4,0.81,2,3.9,1.75,20,1,0,5,1,5.8,4.85,3.55,4,0,High,65.0,Medium
EMP01344,30,Female,PhD,11,Data Science,Lead,2,1250047,0.94,9.7,7,0.92,3,3.8,0.07,29,1,1,4,3,9.8,4.65,3.5,4,0,High,70.2,High
EMP01345,31,Female,Master's,12,Finance,Mid,7,826664,0.67,1.2,4,0.73,3,4.1,0.51,32,1,1,3,1,5.2,3.45,3.1,6,0,Mid,66.7,High
EMP01346,36,Female,Master's,16,Finance,Junior,5,679808,0.66,16.8,1,0.71,5,4.6,4.72,14,1,0,6,5,7.9,4.5,3.25,7,0,Mid,58.7,Low
EMP01347,23,Female,Bachelor's,3,Finance,Junior,6,449796,0.64,5.6,3,0.77,0,3.95,1.57,10,3,1,6,3,8.1,4.05,4.05,6,0,Low,57.0,Low
EMP01348,23,Female,Master's,2,Data Science,Junior,8,399563,0.66,2.8,5,0.67,2,1.85,1.15,25,2,1,6,1,6.0,3.05,4.7,4,0,Low,66.6,High
EMP01349,29,Female,Bachelor's,4,Operations,Junior,8,493364,0.78,0.1,4,0.74,2,4.4,1.07,9,3,0,3,3,8.9,4.05,3.0,7,0,Mid,63.7,Medium
EMP01350,33,Male,Bachelor's,9,Product,Senior,3,945805,0.47,7.0,4,0.86,3,3.25,4.38,11,2,0,4,1,5.5,3.15,3.5,3,0,High,58.2,Low
EMP01351,37,Male,Diploma,15,Product,Junior,7,594128,0.89,2.4,6,0.83,1,2.0,0.91,22,2,0,2,4,6.6,2.75,4.1,6,0,High,69.1,High
EMP01352,46,Female,Master's,27,Sales,Junior,1,670489,0.78,6.1,4,0.69,7,3.55,3.92,22,1,0,1,1,8.9,4.8,2.95,2,1,High,61.0,Medium
EMP01353,41,Male,Master's,19,Finance,Senior,1,1217328,0.77,5.4,3,0.41,4,2.2,0.74,13,2,1,5,1,5.5,3.5,3.8,6,0,High,54.0,Low
EMP01354,33,Female,Bachelor's,10,Operations,Senior,7,818532,0.9,5.4,1,0.85,3,3.8,1.52,15,3,0,5,7,8.7,2.2,2.85,5,0,Low,60.9,Medium
EMP01355,34,Non-binary,PhD,11,HR,Mid,9,839602,0.76,3.6,2,0.72,2,3.5,0.31,18,3,0,4,1,9.2,3.05,3.35,4,1,High,71.1,High
EMP01356,26,Female,Master's,4,Engineering,Mid,7,594426,0.68,1.0,1,0.5,3,2.0,3.49,47,2,1,5,3,9.1,3.65,4.2,3,1,Mid,57.9,Low
EMP01357,34,Male,Master's,11,Operations,Mid,5,661629,0.77,1.2,5,0.56,4,3.8,2.66,9,0,0,3,0,8.1,3.6,3.6,4,1,High,55.9,Low
EMP01358,32,Male,Master's,7,Data Science,Mid,8,665884,0.71,1.1,4,0.66,2,2.2,1.51,13,1,2,2,0,6.2,2.95,4.3,9,0,Mid,62.7,Medium
EMP01359,37,Male,Bachelor's,17,Product,Mid,2,729533,0.92,0.1,5,0.67,5,1.3,0.05,17,0,1,3,1,6.0,3.7,3.4,2,0,Mid,60.5,Medium
EMP01360,28,Female,Bachelor's,5,Product,Mid,9,679669,0.95,2.6,2,0.71,3,3.6,1.31,33,2,0,7,0,6.7,3.45,2.9,3,1,Low,64.5,Medium
EMP01361,39,Female,Master's,18,HR,Lead,6,1518923,0.73,3.6,2,0.5,4,3.35,0.51,22,2,0,3,2,4.0,3.75,4.6,5,0,Low,60.3,Medium
EMP01362,47,Female,Bachelor's,24,HR,Junior,9,757611,0.78,5.8,4,0.61,3,2.65,1.07,33,1,1,12,2,7.5,4.15,3.25,3,1,Mid,60.8,Medium
EMP01363,34,Male,Bachelor's,10,Data Science,Senior,2,831365,0.92,0.5,3,0.95,3,3.1,3.88,31,0,1,4,2,7.3,3.5,3.7,4,0,High,68.5,High
EMP01364,38,Female,Diploma,13,Engineering,Junior,3,493662,0.66,2.4,5,0.96,3,4.0,2.94,68,3,1,6,5,7.6,4.3,4.2,6,0,Low,80.8,High
EMP01365,40,Female,Master's,16,HR,Senior,8,1165798,0.73,0.0,6,0.77,0,3.75,0.55,18,0,0,1,2,7.1,4.0,2.7,11,0,Low,59.7,Medium
EMP01366,31,Male,Master's,7,Sales,Senior,1,982083,0.82,0.3,2,0.45,3,4.35,8.39,27,1,0,5,1,7.8,2.5,3.95,6,1,Low,61.0,Medium
EMP01367,36,Female,Master's,15,Engineering,Lead,7,1260944,0.8,0.2,3,0.67,3,4.3,4.67,14,1,0,6,3,7.6,0.9,3.0,3,2,Low,63.3,Medium
EMP01368,35,Male,Master's,10,HR,Junior,7,519839,0.88,3.9,1,0.74,2,2.3,1.5,38,1,0,4,3,5.3,3.6,4.15,4,0,Low,64.7,Medium
EMP01369,35,Male,Bachelor's,10,Marketing,Senior,1,884967,0.54,0.3,3,0.25,6,2.9,1.51,38,2,2,5,2,7.9,2.5,3.1,7,0,Low,48.7,Low
EMP01370,28,Female,Bachelor's,3,Operations,Mid,9,682597,0.99,3.8,4,0.64,2,4.2,4.63,15,1,1,2,2,7.5,4.3,3.7,1,2,Low,72.0,High
EMP01371,35,Male,Bachelor's,10,HR,Senior,8,976688,0.54,0.9,4,0.72,3,3.5,2.02,19,2,0,5,1,4.9,2.85,1.5,5,0,High,53.4,Low
EMP01372,38,Female,Bachelor's,13,Sales,Mid,4,728952,0.85,6.3,7,0.76,5,4.15,1.54,31,0,0,4,1,8.8,3.55,2.5,4,1,High,60.5,Medium
EMP01373,46,Female,Master's,25,Finance,Mid,5,920842,0.74,5.0,2,0.88,2,3.75,2.77,31,3,0,2,2,7.1,3.15,4.15,3,0,Mid,68.5,High
EMP01374,42,Female,Bachelor's,19,HR,Mid,2,982382,0.71,9.5,5,0.9,6,3.75,0.54,9,0,2,1,2,8.5,4.25,2.75,9,0,High,63.1,Medium
EMP01375,52,Male,Master's,28,Product,Mid,9,880054,0.71,6.5,4,0.96,5,3.15,4.21,8,2,0,6,3,7.4,3.25,3.35,4,0,Low,61.9,Medium
EMP01376,28,Female,Bachelor's,3,Product,Mid,6,577937,0.68,8.1,3,0.8,3,3.75,1.52,30,0,0,5,5,4.8,4.2,3.0,1,2,Mid,63.5,Medium
EMP01377,41,Female,Bachelor's,22,Product,Junior,3,674827,0.77,5.9,1,0.81,3,2.9,1.85,75,5,0,8,2,7.9,3.65,4.05,5,1,Mid,71.0,High
EMP01378,36,Female,Bachelor's,13,Finance,Manager,7,1392503,0.82,3.5,2,0.75,4,0.7,0.19,10,0,2,4,0,8.2,3.35,3.15,8,1,Low,52.2,Low
EMP01379,52,Male,Bachelor's,29,Product,Senior,9,1181640,0.92,0.6,5,0.8,5,2.4,0.74,36,1,1,5,3,9.3,3.5,3.4,7,0,Mid,69.8,High
EMP01380,28,Male,Bachelor's,4,Marketing,Manager,3,1373044,0.94,1.0,4,0.77,3,1.75,1.11,26,2,2,5,2,8.9,4.95,4.5,3,1,High,71.2,High
EMP01381,28,Female,Bachelor's,7,HR,Junior,2,541267,0.33,0.7,1,0.28,5,4.6,1.07,15,1,0,0,1,9.3,3.9,3.5,3,1,Low,51.5,Low
EMP01382,30,Male,Bachelor's,8,Data Science,Lead,7,1197135,0.86,2.8,5,0.86,4,4.3,3.01,22,1,1,3,2,8.6,4.0,2.7,4,0,Low,70.4,High
EMP01383,22,Female,Master's,0,Product,Lead,7,985280,0.83,2.1,2,0.78,5,2.45,0.66,17,2,1,4,4,6.8,4.2,4.05,9,1,High,76.4,High
EMP01384,30,Female,Bachelor's,7,Engineering,Senior,4,885081,0.8,6.1,4,0.82,4,4.45,0.4,20,2,1,5,0,6.8,3.25,3.7,3,0,Low,57.4,Low
EMP01385,28,Male,Bachelor's,8,Data Science,Senior,9,976435,0.48,9.2,6,0.84,2,3.75,1.75,34,0,2,3,0,9.0,3.0,3.5,7,0,Mid,55.5,Low
EMP01386,36,Female,Master's,16,Finance,Mid,8,799968,0.61,1.6,6,0.63,3,3.1,1.91,30,3,1,4,2,6.9,3.95,0.85,8,0,High,54.9,Low
EMP01387,37,Female,Bachelor's,13,Marketing,Lead,1,1284213,0.77,2.1,7,0.85,1,1.95,0.26,31,2,0,6,4,8.3,2.05,4.25,8,0,High,64.2,Medium
EMP01388,50,Female,PhD,28,Engineering,Mid,1,1181508,0.9,10.7,7,0.7,3,0.95,0.0,19,3,0,7,1,10.1,2.95,3.75,3,0,High,58.9,Low
EMP01389,42,Female,Master's,19,Engineering,Junior,5,576327,0.72,1.0,5,0.58,3,2.05,4.99,25,0,0,3,4,6.6,3.3,3.85,1,0,Mid,58.4,Low
EMP01390,30,Female,Bachelor's,9,Engineering,Mid,6,687709,0.75,4.7,10,0.72,2,3.2,0.17,61,2,2,2,5,8.6,2.75,3.4,2,0,Low,65.9,High
EMP01391,27,Male,Master's,5,Engineering,Manager,3,1280290,0.86,0.8,4,0.76,1,2.65,4.56,15,3,0,0,4,6.3,2.9,4.35,2,1,High,66.8,High
EMP01392,38,Male,Bachelor's,15,Data Science,Lead,9,1137432,0.65,3.4,2,0.62,4,3.75,1.02,23,2,0,6,1,8.4,3.0,3.5,3,0,Mid,56.8,Low
EMP01393,24,Female,Master's,1,Data Science,Manager,6,1008605,0.38,0.9,6,0.85,5,3.15,2.12,27,1,0,8,2,9.9,4.25,4.75,2,0,Mid,58.9,Low
EMP01394,49,Male,Bachelor's,24,HR,Senior,4,1360898,0.66,6.5,4,0.27,2,1.2,0.41,9,2,0,5,0,9.5,3.65,1.25,8,0,High,52.8,Low
EMP01395,44,Male,PhD,23,Product,Junior,7,772693,0.93,2.5,3,0.81,4,3.35,3.47,23,1,1,6,1,6.9,2.45,4.2,8,0,High,77.2,High
EMP01396,31,Male,Bachelor's,6,Operations,Junior,8,458509,0.81,0.6,4,0.62,3,2.25,0.4,31,0,1,2,1,9.9,3.9,4.9,3,0,Mid,65.3,Medium
EMP01397,22,Female,Master's,0,HR,Junior,9,350517,0.91,0.8,3,0.87,1,2.45,0.98,14,2,0,4,1,7.2,3.45,4.35,6,0,Low,68.5,High
EMP01398,45,Female,Master's,20,HR,Junior,6,556635,0.92,2.0,4,0.67,3,4.2,0.54,35,0,1,3,0,10.9,2.25,2.35,4,1,Low,63.1,Medium
EMP01399,34,Female,Bachelor's,15,Marketing,Mid,6,907325,0.8,9.8,2,0.4,2,2.65,3.63,19,2,0,4,4,7.5,4.2,2.0,10,0,Mid,57.1,Low
EMP01400,44,Female,Bachelor's,19,Marketing,Junior,8,621182,0.74,4.4,8,0.47,2,3.95,3.91,22,0,0,3,2,8.5,2.7,4.8,6,0,Low,61.6,Medium
EMP01401,22,Female,Master's,3,Product,Mid,5,577443,0.84,2.0,3,0.72,2,2.2,0.93,15,0,3,1,1,8.4,3.7,2.6,4,0,Low,53.7,Low
EMP01402,30,Male,PhD,8,Operations,Manager,3,1378992,0.74,1.2,1,0.76,2,3.8,0.73,34,3,2,3,2,5.9,3.4,4.45,7,0,Mid,66.3,High
EMP01403,35,Female,Bachelor's,15,Marketing,Mid,3,767738,0.78,2.4,4,0.93,2,1.15,2.97,12,2,3,6,2,9.6,3.1,1.55,2,1,Mid,58.5,Low
EMP01404,35,Male,Master's,12,Product,Lead,6,1192863,0.71,4.1,3,0.66,5,3.3,4.22,17,1,0,1,0,7.8,3.15,3.95,2,0,Mid,59.3,Low
EMP01405,31,Female,Diploma,12,Product,Senior,2,1084823,0.89,4.6,3,0.63,1,3.8,1.96,17,1,1,3,2,6.7,4.15,1.6,8,1,Low,71.4,High
EMP01406,39,Female,PhD,18,Data Science,Junior,6,633057,0.79,1.2,5,0.86,0,2.35,5.25,25,0,1,9,3,6.4,3.75,3.3,2,0,Mid,72.6,High
EMP01407,26,Male,Bachelor's,1,Sales,Mid,6,610482,0.72,3.8,6,0.76,2,4.5,0.97,68,4,1,3,1,6.6,3.8,4.0,5,1,Low,68.6,High
EMP01408,33,Male,Master's,14,Data Science,Junior,8,544939,0.82,3.2,9,0.42,2,4.3,0.33,16,0,1,2,1,7.4,4.4,3.7,9,2,Mid,71.9,High
EMP01409,35,Male,Bachelor's,14,Operations,Mid,7,852097,0.86,9.6,4,0.37,3,4.15,0.4,13,2,0,5,3,5.9,3.15,3.05,5,0,Mid,58.1,Low
EMP01410,39,Male,Diploma,19,Marketing,Senior,8,1186903,0.99,8.0,3,0.51,2,3.45,2.22,27,2,1,5,2,6.3,3.15,3.85,5,0,Mid,66.6,High
EMP01411,40,Male,Master's,20,Operations,Junior,9,566955,0.64,4.7,5,0.61,3,2.7,1.05,18,2,0,6,3,4.9,2.2,1.95,5,0,Low,54.2,Low
EMP01412,26,Female,Bachelor's,1,HR,Junior,6,420978,0.82,3.9,5,0.67,2,4.05,0.34,13,2,0,2,2,6.3,3.15,3.1,4,0,Low,68.1,High
EMP01413,22,Female,Master's,0,HR,Mid,3,519132,0.71,1.0,4,0.58,5,3.75,0.69,15,1,0,5,3,9.5,3.1,1.95,5,0,High,51.7,Low
EMP01414,45,Female,Bachelor's,20,Operations,Manager,3,1955481,0.73,5.6,3,0.55,2,4.7,1.51,27,0,0,1,5,9.3,2.95,0.7,5,1,Low,63.5,Medium
EMP01415,37,Female,Diploma,15,Sales,Senior,1,1020803,0.66,1.7,2,0.92,7,4.35,0.26,46,0,2,5,3,7.9,3.2,2.65,10,2,Mid,64.2,Medium
EMP01416,29,Female,Diploma,10,Sales,Senior,5,1074907,0.83,1.0,2,0.96,2,2.9,0.01,29,1,0,4,2,10.7,3.8,3.15,8,0,Low,57.9,Low
EMP01417,47,Female,Master's,24,Data Science,Junior,4,603892,0.82,1.5,1,0.76,4,3.05,4.99,6,1,0,4,1,9.3,4.05,4.45,2,1,Low,65.6,Medium
EMP01418,35,Male,Bachelor's,11,Operations,Senior,9,1038138,0.69,5.4,3,0.54,2,3.6,0.73,19,0,1,3,4,8.2,3.8,2.0,6,0,Low,65.8,High
EMP01419,44,Female,Master's,19,Marketing,Senior,9,1189305,0.9,0.5,5,0.91,2,3.35,0.5,12,0,0,3,0,8.3,3.9,3.65,6,0,High,65.9,High
EMP01420,35,Male,Bachelor's,14,Data Science,Senior,5,1104447,0.72,1.8,5,0.6,3,2.5,2.4,34,1,0,3,3,7.6,2.75,3.75,3,1,Low,71.3,High
EMP01421,51,Non-binary,Bachelor's,27,Finance,Manager,4,1910147,0.64,2.0,3,0.73,5,3.2,3.84,21,0,0,3,2,5.6,3.1,1.35,9,0,High,53.5,Low
EMP01422,49,Female,PhD,30,Sales,Mid,7,1061463,0.65,0.1,2,0.9,1,4.0,2.0,14,2,1,1,0,7.1,3.75,4.4,2,1,High,68.4,High
EMP01423,33,Female,Bachelor's,9,Engineering,Manager,6,1548926,0.8,0.7,3,0.99,2,4.2,0.59,25,1,0,8,4,4.0,3.9,3.6,5,0,Mid,64.7,Medium
EMP01424,42,Male,Bachelor's,23,Data Science,Lead,4,1367870,0.52,5.3,1,0.71,6,3.75,3.96,22,1,0,5,1,5.9,4.35,2.45,2,0,Mid,59.0,Low
EMP01425,40,Female,Diploma,15,HR,Junior,2,532329,0.72,5.3,9,0.56,1,3.55,1.43,10,0,2,8,2,9.6,3.85,1.7,5,1,High,52.3,Low
EMP01426,45,Female,Bachelor's,26,Data Science,Mid,1,1012066,0.46,1.0,1,0.72,8,1.6,0.96,12,0,0,4,2,7.6,3.75,2.15,3,0,Mid,48.4,Low
EMP01427,27,Male,Bachelor's,3,Operations,Manager,4,1229429,0.96,6.2,4,0.78,1,3.2,1.86,33,2,1,3,3,5.9,3.75,3.5,1,1,Mid,67.7,High
EMP01428,40,Male,Diploma,19,Engineering,Junior,4,586978,0.42,4.4,3,0.63,6,2.75,2.41,35,0,1,1,0,8.3,3.15,4.3,7,0,Mid,60.1,Medium
EMP01429,43,Female,Bachelor's,23,Operations,Mid,1,889069,0.94,1.6,7,0.76,2,4.5,1.8,31,2,0,5,3,8.4,2.8,3.8,6,0,Low,69.4,High
EMP01430,22,Male,Master's,0,Product,Manager,6,1045355,0.75,4.1,1,0.8,7,3.85,5.06,12,1,1,1,2,9.8,3.85,2.55,8,0,Low,48.9,Low
EMP01431,25,Female,Diploma,6,HR,Senior,4,918802,0.8,9.8,3,0.86,2,3.3,1.98,13,0,2,6,0,10.2,3.45,2.8,4,0,High,55.0,Low
EMP01432,22,Male,Diploma,2,HR,Junior,1,443321,0.73,1.8,5,0.82,5,3.45,4.22,19,1,2,7,1,8.7,4.3,1.35,1,0,High,51.3,Low
EMP01433,32,Male,Master's,13,Sales,Senior,1,1100604,0.68,0.8,7,0.68,2,2.85,1.77,25,3,0,3,5,5.2,4.2,3.05,5,1,Mid,71.1,High
EMP01434,40,Female,Bachelor's,19,Data Science,Junior,1,717579,0.53,8.5,1,0.31,3,2.65,0.8,37,3,0,4,1,10.9,3.35,2.6,4,0,Mid,54.4,Low
EMP01435,47,Male,Bachelor's,28,Sales,Mid,8,1022413,0.68,2.8,4,0.67,4,3.15,1.52,32,1,0,8,3,9.5,3.4,3.6,5,0,High,61.2,Medium
EMP01436,35,Female,PhD,10,Engineering,Junior,8,452404,0.65,0.3,5,0.84,3,2.15,0.18,23,1,1,5,1,8.8,3.8,3.3,3,1,Mid,59.8,Medium
EMP01437,48,Male,PhD,25,Data Science,Senior,2,1089178,0.65,2.6,6,0.54,3,3.65,0.52,33,0,0,3,3,7.5,2.3,3.3,4,0,Mid,49.2,Low
EMP01438,23,Male,Master's,0,Product,Mid,7,525671,0.69,2.1,3,0.85,1,2.65,2.91,19,1,1,5,2,5.2,3.75,3.0,5,0,Mid,60.2,Medium
EMP01439,22,Female,Bachelor's,0,Operations,Senior,8,813429,0.52,5.8,9,0.74,4,1.5,2.17,35,2,2,7,2,6.7,2.9,1.95,8,0,Low,55.3,Low
EMP01440,34,Male,Bachelor's,15,Product,Senior,8,1051270,0.67,2.3,8,0.74,3,3.1,0.36,23,0,0,5,1,7.4,4.2,3.3,5,0,Low,65.6,Medium
EMP01441,38,Female,Bachelor's,17,HR,Mid,7,787706,0.79,0.9,1,0.81,3,3.55,1.15,14,3,1,2,2,6.9,0.6,2.85,12,0,High,61.3,Medium
EMP01442,34,Female,Master's,10,Engineering,Senior,5,907686,0.94,3.4,3,0.45,1,4.2,0.31,8,1,1,3,2,9.1,3.15,2.3,5,1,High,53.3,Low
EMP01443,22,Female,Bachelor's,3,Finance,Junior,1,448896,0.9,2.3,5,0.71,3,3.25,3.87,33,2,0,5,2,7.4,4.0,3.85,6,0,Mid,66.3,High
EMP01444,34,Male,Diploma,14,Engineering,Senior,9,1069312,0.84,0.8,6,0.64,4,3.0,0.23,3,4,1,2,1,6.3,4.15,2.65,1,2,Mid,65.4,Medium
EMP01445,24,Male,Master's,2,Marketing,Junior,7,379978,0.62,2.6,8,0.39,3,4.8,2.12,26,0,2,4,1,8.3,3.4,3.0,7,0,High,51.8,Low
EMP01446,40,Female,Bachelor's,21,Engineering,Manager,2,2086860,0.73,5.2,3,0.22,2,2.65,1.87,13,4,1,5,0,6.3,2.0,3.05,3,1,Mid,56.1,Low
EMP01447,37,Female,Master's,14,Product,Junior,6,575629,0.6,0.1,2,0.83,5,4.05,1.28,12,0,0,5,2,5.1,4.3,3.6,8,1,Low,56.9,Low
EMP01448,27,Female,Bachelor's,3,Marketing,Mid,2,543687,0.85,3.0,4,0.7,3,3.7,0.65,21,3,1,1,1,8.3,2.25,4.65,5,0,Mid,62.3,Medium
EMP01449,30,Male,Master's,7,Marketing,Senior,1,974080,0.75,1.3,6,0.77,3,3.8,1.03,21,2,3,1,2,7.4,2.75,3.7,4,0,Low,57.8,Low
EMP01450,26,Male,Master's,2,Data Science,Mid,7,517851,0.86,1.0,6,0.75,1,1.8,3.28,37,0,1,6,3,7.7,2.75,4.15,6,1,High,61.9,Medium
EMP01451,34,Female,PhD,15,Data Science,Junior,2,650945,0.49,1.5,4,0.92,5,3.55,2.87,25,2,1,3,4,9.6,4.2,3.8,4,1,Mid,56.2,Low
EMP01452,42,Female,PhD,17,Marketing,Senior,2,1249159,0.89,1.3,7,0.48,5,2.95,2.69,17,1,0,7,1,7.9,3.95,2.75,6,0,Low,58.6,Low
EMP01453,27,Female,Bachelor's,7,Finance,Senior,5,923584,0.87,5.4,3,0.36,5,3.35,2.77,41,1,0,4,2,8.4,3.5,2.2,5,0,High,53.7,Low
EMP01454,39,Female,Bachelor's,20,Data Science,Senior,5,1245466,0.72,1.0,5,0.89,4,3.55,0.31,12,1,3,6,2,7.5,3.85,3.95,5,2,High,62.5,Medium
EMP01455,30,Female,Master's,7,Engineering,Mid,7,644526,0.79,4.0,2,0.57,3,1.95,0.21,8,1,0,3,2,8.7,3.15,3.8,5,0,Mid,62.1,Medium
EMP01456,28,Male,Bachelor's,6,Product,Senior,1,962149,0.7,0.3,7,0.35,5,4.4,3.95,7,0,2,1,0,4.3,1.25,4.55,4,0,Mid,56.2,Low
EMP01457,34,Male,Bachelor's,12,Engineering,Mid,8,768389,0.9,9.1,5,0.69,1,3.95,3.63,22,2,2,4,0,6.3,4.85,2.85,4,1,Mid,70.5,High
EMP01458,26,Male,Bachelor's,5,Finance,Senior,3,885725,0.92,2.9,4,0.4,4,3.65,2.29,14,1,0,3,1,6.9,4.15,4.65,4,0,Mid,78.9,High
EMP01459,30,Male,Master's,6,HR,Senior,4,957696,0.88,3.7,4,0.91,8,1.7,1.86,23,1,0,2,2,6.8,4.05,3.05,5,0,Mid,55.4,Low
EMP01460,25,Female,Bachelor's,2,Sales,Mid,9,678220,0.58,1.1,8,0.73,4,3.4,0.91,9,2,1,6,4,6.3,4.5,4.05,6,1,Mid,61.2,Medium
EMP01461,50,Male,Master's,29,Product,Junior,4,822771,0.82,1.6,1,0.87,3,3.1,0.51,15,1,1,4,4,7.4,3.1,3.5,6,1,High,59.4,Low
EMP01462,35,Female,Diploma,12,Data Science,Junior,5,511852,0.84,0.8,2,0.84,1,3.85,2.2,30,1,0,2,1,7.3,2.3,4.45,11,0,Mid,66.2,High
EMP01463,29,Male,Bachelor's,5,Product,Junior,7,524383,0.92,8.1,3,0.68,5,3.25,4.88,35,2,1,5,2,7.4,0.9,3.65,8,1,Low,62.2,Medium
EMP01464,36,Male,Bachelor's,17,Engineering,Junior,4,627215,0.95,2.0,8,0.62,1,4.0,1.15,39,2,1,10,0,7.8,4.2,2.45,6,2,Low,76.7,High
EMP01465,34,Male,Bachelor's,15,Sales,Mid,1,916904,0.77,3.0,1,0.84,4,1.7,0.72,11,1,1,5,5,8.2,3.8,3.7,5,0,Low,65.3,Medium
EMP01466,33,Male,PhD,11,Operations,Senior,9,1008191,0.96,4.0,3,0.92,1,3.85,0.63,33,2,0,4,2,6.3,3.55,4.05,8,0,Mid,76.5,High
EMP01467,39,Female,Bachelor's,20,Operations,Junior,4,602989,0.91,1.4,1,0.76,3,3.25,0.05,20,0,0,6,2,6.7,2.95,2.8,3,1,Low,67.0,High
EMP01468,41,Male,Bachelor's,22,Data Science,Manager,9,1786704,0.81,3.8,6,0.78,1,2.35,1.47,17,2,1,1,2,8.9,4.2,1.65,7,0,High,68.1,High
EMP01469,30,Female,Bachelor's,5,Finance,Junior,6,466965,0.89,3.4,6,0.73,3,3.05,8.89,28,2,1,2,4,6.1,4.2,3.75,6,0,High,78.4,High
EMP01470,30,Male,Master's,8,Operations,Senior,1,970477,0.77,3.7,9,0.84,0,2.45,3.38,34,1,0,2,3,6.3,4.2,3.7,5,0,High,69.4,High
EMP01471,32,Male,Bachelor's,11,Product,Senior,3,905310,0.65,2.0,2,0.45,5,2.45,4.56,9,0,1,6,3,6.3,3.55,2.85,4,1,High,47.7,Low
EMP01472,22,Male,Master's,2,Operations,Mid,2,607798,0.78,1.4,5,0.81,2,1.95,1.94,19,2,1,5,3,7.2,1.9,3.85,7,1,Low,59.2,Low
EMP01473,22,Female,Diploma,0,HR,Junior,9,381474,0.84,0.8,4,0.77,3,3.55,1.31,13,0,0,4,2,9.0,4.6,4.0,3,0,Mid,58.2,Low
EMP01474,45,Female,Bachelor's,24,HR,Senior,1,1355714,0.85,5.2,2,0.26,0,1.8,9.3,30,0,1,3,1,8.3,3.95,3.55,4,0,Mid,62.6,Medium
EMP01475,48,Male,PhD,24,Data Science,Mid,9,953585,0.62,2.8,6,0.87,3,3.8,1.19,23,2,0,5,0,6.2,4.05,4.35,5,0,Low,63.1,Medium
EMP01476,33,Male,Bachelor's,8,HR,Manager,9,1212445,0.78,1.8,3,0.83,3,2.1,4.97,28,1,1,0,1,10.2,4.55,3.55,1,0,High,62.4,Medium
EMP01477,39,Female,PhD,18,Operations,Mid,8,776001,0.8,8.6,4,0.82,3,3.15,2.87,27,1,1,4,3,6.5,3.0,3.5,4,0,Mid,63.7,Medium
EMP01478,37,Male,Master's,13,Finance,Manager,8,1351818,0.91,0.1,6,0.4,3,3.55,0.8,14,1,0,4,1,5.1,4.1,2.5,5,0,Low,52.2,Low
EMP01479,59,Male,PhD,37,Marketing,Junior,1,843823,0.61,5.7,1,0.89,3,4.5,1.4,7,2,0,4,0,10.2,2.2,4.75,7,0,Low,68.7,High
EMP01480,43,Female,Bachelor's,23,Marketing,Senior,8,1073097,0.96,18.1,5,0.98,1,4.0,0.97,24,2,0,3,8,6.2,4.8,3.5,4,0,Mid,73.5,High
EMP01481,33,Female,Bachelor's,9,Data Science,Senior,3,808550,0.66,6.5,3,0.72,4,1.35,0.29,25,2,3,4,1,7.3,4.45,1.85,6,0,Low,53.1,Low
EMP01482,27,Male,Bachelor's,8,Sales,Senior,7,1010930,0.59,5.0,3,0.31,3,3.4,0.88,24,0,1,4,0,7.3,3.65,4.3,3,1,Low,56.6,Low
EMP01483,22,Female,Bachelor's,0,Marketing,Junior,1,444718,0.45,1.4,3,0.96,5,3.15,4.4,46,2,1,5,4,8.4,3.75,4.5,4,0,Mid,61.9,Medium
EMP01484,36,Female,Bachelor's,12,Marketing,Senior,1,965124,0.69,0.8,3,0.64,2,4.1,2.79,32,2,0,0,0,4.7,3.65,3.25,5,0,High,77.8,High
EMP01485,28,Male,Bachelor's,4,HR,Mid,5,718609,0.84,4.0,3,0.65,5,1.6,0.65,23,2,1,7,3,7.0,1.55,4.35,7,0,High,54.8,Low
EMP01486,23,Female,Bachelor's,3,HR,Senior,5,667123,0.4,1.1,4,0.73,3,1.35,0.92,21,2,1,5,1,6.9,4.6,4.0,3,1,Mid,59.5,Medium
EMP01487,29,Female,Bachelor's,6,Operations,Mid,8,683395,0.82,0.6,7,0.55,1,3.65,1.92,41,0,1,3,2,9.6,4.35,3.95,8,1,Mid,67.6,High
EMP01488,26,Male,PhD,7,Data Science,Lead,7,1101991,0.64,4.6,4,0.94,3,2.6,1.08,26,2,1,2,2,6.7,4.5,3.4,5,0,High,65.1,Medium
EMP01489,48,Male,Master's,27,Sales,Junior,8,714756,0.77,1.1,4,0.55,3,2.65,1.4,17,0,0,2,2,7.0,3.85,3.4,6,2,High,63.3,Medium
EMP01490,42,Male,Bachelor's,21,Data Science,Lead,6,1390054,0.2,7.4,1,0.9,5,4.1,2.4,32,2,0,8,1,8.6,3.4,4.45,2,0,Mid,59.3,Low
EMP01491,34,Female,Bachelor's,10,Engineering,Lead,6,1128687,0.75,5.5,5,0.76,3,4.85,1.26,12,4,0,9,2,8.3,4.2,3.65,3,1,High,66.2,High
EMP01492,46,Male,Bachelor's,23,Product,Lead,2,1449258,0.7,5.6,5,0.88,1,3.4,0.42,7,2,1,1,1,6.4,4.25,4.45,3,0,Mid,61.8,Medium
EMP01493,35,Female,Diploma,12,Sales,Mid,6,814262,0.62,4.4,5,0.66,6,2.2,1.47,26,1,0,3,0,8.1,2.2,2.9,7,0,Low,49.1,Low
EMP01494,28,Female,Bachelor's,9,Sales,Mid,5,633399,0.97,6.4,3,0.84,2,4.75,0.88,18,3,2,5,1,6.4,4.8,4.9,9,0,High,77.0,High
EMP01495,47,Male,Master's,27,Finance,Manager,3,1843316,0.77,4.9,1,0.89,4,4.4,0.69,13,1,2,5,3,8.7,3.1,3.9,8,1,Mid,62.9,Medium
EMP01496,39,Female,Diploma,17,Data Science,Junior,6,546109,0.87,2.8,2,0.93,3,3.7,0.8,10,0,0,4,1,7.3,2.8,3.85,2,0,Mid,59.9,Medium
EMP01497,26,Male,PhD,5,Operations,Mid,8,598109,0.94,1.1,3,0.6,3,2.3,1.16,10,0,0,5,4,5.6,4.35,3.55,4,0,Mid,66.7,High
EMP01498,33,Female,Master's,13,Finance,Senior,9,1008383,0.55,6.6,6,0.61,4,3.65,4.35,29,1,1,3,2,4.3,3.65,1.9,5,1,Low,46.5,Low
EMP01499,27,Female,PhD,2,Sales,Senior,1,674182,0.88,5.5,9,0.83,2,4.1,2.65,8,1,1,2,4,6.9,4.7,1.9,4,0,Low,64.1,Medium
EMP01500,23,Male,Diploma,2,Sales,Junior,3,470831,0.7,1.9,7,0.9,6,3.35,2.2,31,3,3,6,1,6.3,4.1,4.05,6,1,Low,60.8,Medium
EMP01501,42,Male,Master's,22,Sales,Senior,3,1122541,0.97,0.1,5,0.94,2,4.3,1.27,19,4,0,7,0,7.1,3.2,4.3,6,0,Low,81.5,High
EMP01502,50,Male,Master's,29,Marketing,Lead,8,1479001,0.81,3.1,5,0.77,4,3.05,0.0,11,1,0,6,5,7.4,2.0,4.65,5,0,Low,59.6,Medium
EMP01503,23,Male,Master's,1,Data Science,Junior,1,433706,0.55,0.2,4,0.82,5,2.55,0.83,50,1,0,3,3,4.6,3.85,3.45,5,1,Mid,58.5,Low
EMP01504,39,Male,Master's,14,Product,Lead,5,1076437,0.89,7.8,1,0.94,2,3.3,3.36,16,2,1,5,2,6.4,2.45,4.2,7,1,High,62.3,Medium
EMP01505,29,Male,Master's,7,Product,Junior,3,501419,0.62,9.8,3,0.89,0,3.4,0.98,19,1,1,5,1,7.3,4.2,3.35,3,1,High,69.8,High
EMP01506,31,Non-binary,Bachelor's,12,Finance,Mid,2,806884,0.85,0.6,4,0.95,2,1.4,1.66,40,0,1,4,2,7.7,2.85,2.35,2,0,Low,66.7,High
EMP01507,30,Male,Bachelor's,5,Sales,Junior,8,420658,0.76,3.4,9,0.73,2,1.95,0.46,14,0,0,4,2,8.7,3.7,3.4,6,2,High,60.2,Medium
EMP01508,28,Male,Bachelor's,4,Product,Junior,3,386439,0.57,0.3,2,0.74,4,3.6,4.95,29,5,2,4,1,9.0,3.85,2.75,6,0,Mid,60.9,Medium
EMP01509,35,Female,Bachelor's,15,HR,Lead,7,1223803,0.73,3.9,6,0.6,2,3.45,5.13,55,0,2,6,2,7.1,2.55,2.9,8,0,Mid,69.8,High
EMP01510,28,Male,Bachelor's,3,Data Science,Mid,1,536894,0.48,1.3,6,0.92,0,4.75,0.32,35,1,0,5,1,7.3,2.4,3.75,7,1,Low,64.8,Medium
EMP01511,37,Non-binary,Bachelor's,18,Product,Mid,6,763175,0.87,3.4,2,0.77,1,3.4,2.58,3,4,2,7,1,6.8,2.95,4.75,5,0,Mid,68.1,High
EMP01512,34,Female,Master's,15,Operations,Junior,3,537241,0.82,1.4,8,0.92,8,3.15,0.16,43,1,0,1,4,8.5,3.4,4.4,3,0,High,66.9,High
EMP01513,33,Female,Bachelor's,11,Data Science,Senior,8,898842,0.69,0.5,5,0.6,0,3.05,1.83,10,2,2,5,3,6.9,4.6,4.55,3,2,Mid,70.8,High
EMP01514,27,Male,PhD,6,Operations,Senior,6,857238,0.89,1.6,5,0.55,1,2.75,0.39,44,2,0,6,2,6.0,2.95,3.25,6,0,Low,63.3,Medium
EMP01515,30,Male,Bachelor's,5,Product,Mid,2,678465,0.81,0.4,4,0.78,3,4.3,0.31,23,1,3,8,1,5.0,4.35,3.7,7,0,Mid,62.9,Medium
EMP01516,41,Male,Bachelor's,21,HR,Mid,6,938204,0.84,2.6,1,0.95,2,3.2,0.01,24,2,4,7,2,6.1,2.35,4.5,10,0,Low,69.7,High
EMP01517,39,Female,Master's,14,Operations,Lead,7,1117777,0.82,0.1,1,0.75,4,4.05,5.66,39,0,1,4,2,7.1,3.0,1.6,6,1,Mid,61.4,Medium
EMP01518,27,Male,Master's,4,Marketing,Mid,5,565499,0.79,2.2,4,0.79,3,3.2,3.54,22,5,0,6,5,9.0,3.35,3.65,6,0,High,68.2,High
EMP01519,35,Male,Bachelor's,14,Product,Mid,3,885559,0.61,6.5,4,0.79,2,4.15,0.16,11,1,0,5,0,7.6,3.6,3.0,5,0,Mid,61.5,Medium
EMP01520,41,Non-binary,PhD,21,Marketing,Mid,4,928779,0.86,5.5,7,0.84,5,3.2,1.83,13,1,0,3,2,7.7,3.85,3.75,2,0,High,63.8,Medium
EMP01521,22,Male,PhD,2,Product,Senior,4,847900,0.72,6.4,5,0.62,3,4.15,0.53,9,1,0,6,2,7.5,2.75,3.75,5,0,High,59.3,Low
EMP01522,39,Male,Bachelor's,15,Engineering,Mid,6,780708,0.67,7.7,1,0.8,5,2.85,0.61,22,0,0,12,2,9.4,4.2,4.5,7,1,Low,62.7,Medium
EMP01523,29,Male,Bachelor's,7,Engineering,Mid,1,700855,0.8,0.3,5,0.75,2,2.85,4.15,13,2,1,2,4,8.3,3.95,3.4,8,0,Low,59.4,Low
EMP01524,39,Non-binary,Diploma,15,Engineering,Mid,4,817764,0.86,0.4,7,0.84,6,3.15,0.24,17,2,0,3,3,7.5,2.6,1.8,3,0,Mid,62.7,Medium
EMP01525,28,Male,Master's,8,Operations,Manager,4,1313439,0.71,2.4,3,0.66,6,3.55,1.84,26,1,1,6,3,6.6,3.9,3.8,5,1,Low,66.1,High
EMP01526,22,Female,Master's,1,Marketing,Mid,1,571594,0.51,6.7,6,0.33,5,4.25,1.03,42,1,1,3,1,5.6,4.15,4.1,6,0,Mid,64.4,Medium
EMP01527,22,Female,PhD,0,Marketing,Senior,9,720538,0.8,11.0,4,0.85,2,3.75,0.42,47,2,0,2,2,10.0,3.95,0.75,7,1,Low,54.9,Low
EMP01528,35,Male,Bachelor's,10,Marketing,Mid,4,662648,0.96,0.1,3,0.54,1,4.85,1.2,43,0,2,7,1,8.7,3.65,3.4,6,0,Mid,67.6,High
EMP01529,37,Female,Bachelor's,16,HR,Junior,7,559145,0.78,1.3,4,0.81,3,3.6,5.64,9,3,0,2,2,7.2,4.15,2.4,5,1,Mid,70.1,High
EMP01530,27,Male,Bachelor's,7,Marketing,Senior,3,947362,0.64,0.7,3,0.73,4,2.15,3.04,27,0,0,7,0,10.2,1.15,4.0,4,0,Mid,51.4,Low
EMP01531,40,Male,Master's,21,HR,Mid,3,1026659,0.74,4.2,2,0.81,4,3.85,0.28,20,1,1,5,3,7.5,4.65,3.45,4,1,Mid,75.0,High
EMP01532,22,Female,Master's,0,Engineering,Lead,8,842985,0.92,3.1,4,0.41,3,3.0,3.79,23,0,0,1,1,6.3,1.2,2.75,5,1,High,46.7,Low
EMP01533,34,Female,Master's,15,Engineering,Lead,8,1202108,0.83,0.4,4,0.78,5,3.3,5.54,45,2,0,2,1,9.3,4.5,1.6,5,1,Low,62.3,Medium
EMP01534,25,Female,Bachelor's,0,Operations,Lead,1,799532,0.83,2.0,7,0.34,2,1.95,0.65,51,0,2,4,3,5.6,1.75,4.5,11,1,Mid,57.9,Low
EMP01535,29,Male,Bachelor's,4,Product,Junior,2,471989,0.73,3.5,6,0.77,2,3.45,0.81,41,3,0,5,1,6.9,3.25,4.35,6,1,Low,72.3,High
EMP01536,35,Male,Master's,13,Engineering,Senior,8,947687,0.63,4.5,3,0.67,2,4.25,0.27,55,2,1,6,3,5.7,4.2,2.4,4,0,Low,71.1,High
EMP01537,28,Male,Master's,6,Product,Mid,1,757491,0.9,0.1,4,0.77,4,4.0,0.85,10,1,1,5,2,6.3,2.3,0.95,3,0,Low,57.7,Low
EMP01538,31,Male,Master's,8,Product,Lead,8,1034136,0.73,6.6,3,0.61,4,4.4,2.24,30,1,1,5,3,7.8,2.5,4.4,5,1,Mid,49.6,Low
EMP01539,43,Male,Bachelor's,19,Data Science,Senior,8,1094499,0.76,2.5,5,0.72,4,3.45,0.64,25,1,1,5,4,8.0,2.95,4.3,3,0,Mid,63.7,Medium
EMP01540,30,Male,PhD,9,Operations,Lead,2,1152245,0.93,5.0,5,0.58,3,1.7,0.01,16,1,0,5,0,5.8,2.5,2.35,7,0,Low,56.4,Low
EMP01541,41,Male,Bachelor's,20,Sales,Mid,4,977092,0.72,4.9,8,0.82,2,4.2,0.83,26,2,0,4,0,10.2,1.55,2.7,5,0,Mid,60.4,Medium
EMP01542,25,Male,Diploma,4,Sales,Mid,6,621464,0.88,0.6,5,0.83,3,3.65,1.21,16,0,0,4,1,4.4,2.1,3.1,3,0,Low,61.2,Medium
EMP01543,39,Male,Bachelor's,16,Finance,Junior,9,578263,0.85,0.4,3,0.38,3,2.8,1.67,31,3,0,3,5,7.7,4.25,4.15,7,0,Mid,74.7,High
EMP01544,46,Male,Master's,24,Data Science,Senior,8,1422539,0.92,3.8,1,0.51,1,4.1,2.3,11,1,1,4,3,7.7,1.95,2.85,3,1,Mid,54.3,Low
EMP01545,22,Female,Bachelor's,2,Operations,Mid,8,506428,0.93,0.5,4,0.91,2,2.75,0.13,16,2,1,3,1,7.9,3.85,3.9,2,1,High,65.3,Medium
EMP01546,28,Male,Diploma,9,Finance,Mid,7,795491,0.83,5.7,3,0.61,4,3.7,1.27,18,1,0,2,2,8.8,2.45,2.6,5,0,Mid,54.6,Low
EMP01547,39,Female,Master's,20,Finance,Senior,9,1030743,0.84,3.9,2,0.95,6,4.75,0.62,15,1,0,1,4,4.0,4.1,3.65,1,0,Mid,82.5,High
EMP01548,33,Female,Bachelor's,13,Data Science,Senior,2,1086646,0.86,5.5,1,0.52,3,3.9,5.91,33,2,1,3,2,6.3,3.9,3.0,5,0,Low,63.7,Medium
EMP01549,37,Male,Bachelor's,14,Sales,Junior,3,588095,0.95,1.1,4,0.83,1,3.0,0.89,22,1,2,3,1,7.7,3.3,4.05,7,0,Low,75.8,High
EMP01550,30,Female,Bachelor's,10,Operations,Senior,8,891590,0.76,1.1,2,0.88,4,4.5,0.21,5,1,0,6,2,10.1,1.5,2.25,4,0,Mid,62.3,Medium
EMP01551,35,Female,Bachelor's,14,Sales,Mid,6,884391,0.71,3.3,5,0.62,2,2.85,0.08,26,2,2,4,3,6.6,2.7,2.95,5,1,Mid,49.5,Low
EMP01552,33,Female,Diploma,9,Finance,Mid,9,607273,0.7,0.1,6,0.84,2,2.8,0.62,14,2,0,2,1,7.2,3.65,2.55,6,0,High,61.2,Medium
EMP01553,44,Male,Bachelor's,19,Operations,Junior,4,576508,0.75,3.9,5,0.48,4,3.55,0.39,15,3,2,2,3,8.6,2.4,3.35,4,0,High,64.2,Medium
EMP01554,37,Male,Master's,18,Finance,Junior,8,628361,0.82,5.4,2,0.84,4,0.95,2.1,37,1,0,1,0,5.7,2.1,3.6,6,0,High,73.8,High
EMP01555,37,Male,Master's,15,Marketing,Mid,3,775835,0.95,1.6,6,0.66,3,3.5,3.75,14,2,1,3,3,7.5,2.35,2.45,8,1,High,67.3,High
EMP01556,31,Female,Master's,9,Data Science,Senior,3,944678,0.88,4.3,1,0.92,1,3.8,0.75,44,0,0,4,1,7.3,3.35,4.7,5,1,Mid,70.7,High
EMP01557,31,Female,Bachelor's,8,Product,Junior,8,425187,0.93,0.6,3,0.69,4,4.1,1.72,17,2,0,5,0,6.6,3.95,4.45,5,0,Low,79.6,High
EMP01558,31,Female,Bachelor's,9,Operations,Mid,5,629367,0.74,1.2,3,0.87,7,3.75,2.62,11,0,0,4,2,8.3,2.9,3.05,3,0,Low,57.6,Low
EMP01559,38,Female,Master's,17,Operations,Manager,3,1502003,0.9,11.0,5,0.57,5,4.85,1.02,12,1,2,2,2,10.7,2.65,1.65,8,2,High,50.7,Low
EMP01560,31,Female,Diploma,12,Product,Junior,1,493291,0.82,12.9,6,0.86,4,2.2,0.14,31,2,1,3,4,7.8,3.7,3.1,6,0,Low,65.4,Medium
EMP01561,37,Male,Bachelor's,17,Finance,Mid,3,835283,0.84,2.2,6,0.67,1,1.3,0.52,13,3,1,3,3,4.1,4.0,3.7,2,1,Low,56.8,Low
EMP01562,51,Male,Bachelor's,30,Marketing,Senior,9,1471473,0.51,8.2,5,0.45,2,1.7,4.29,48,1,1,3,2,6.2,4.7,2.35,3,0,Mid,49.8,Low
EMP01563,41,Female,Master's,18,HR,Manager,5,1934642,0.75,2.2,1,0.65,2,4.35,3.48,27,2,1,6,2,9.7,4.25,4.65,5,1,Mid,78.0,High
EMP01564,32,Male,Diploma,11,Product,Senior,2,1053945,0.86,1.0,5,0.86,5,1.95,0.18,20,3,0,7,0,7.1,4.3,3.25,5,0,Mid,70.5,High
EMP01565,44,Male,Bachelor's,24,Data Science,Senior,7,1125787,0.7,0.9,5,0.7,2,3.4,0.51,24,1,0,4,1,5.7,2.55,2.45,8,1,Mid,53.6,Low
EMP01566,31,Male,Bachelor's,7,Sales,Lead,2,1046001,0.88,8.0,3,0.91,3,4.0,2.93,23,2,1,7,2,8.6,2.25,4.35,3,1,Mid,67.5,High
EMP01567,22,Male,PhD,0,Finance,Mid,4,509501,0.67,0.6,2,0.72,7,3.45,1.33,58,1,0,5,2,6.5,4.8,3.7,4,0,Mid,67.3,High
EMP01568,26,Female,Bachelor's,2,Product,Lead,7,866889,0.86,2.6,1,0.85,4,3.0,2.85,16,1,1,6,1,7.6,1.45,4.45,5,0,Mid,67.6,High
EMP01569,22,Female,Bachelor's,0,Product,Junior,4,400425,0.62,2.4,2,0.66,3,3.55,0.47,36,0,2,4,4,5.8,4.25,1.4,5,0,Low,57.9,Low
EMP01570,32,Female,Master's,8,Operations,Manager,7,1208856,0.88,4.0,6,0.62,3,2.9,6.1,13,0,1,2,1,6.9,3.3,2.75,4,1,High,60.1,Medium
EMP01571,35,Female,Diploma,10,Sales,Mid,7,666449,0.65,2.1,3,0.93,2,1.85,3.06,36,1,1,2,4,7.5,2.55,4.25,4,0,Mid,62.1,Medium
EMP01572,48,Male,Bachelor's,23,Sales,Senior,1,1375730,0.9,1.0,2,0.65,3,4.6,0.44,6,0,0,8,1,7.3,3.5,4.5,5,0,Mid,62.7,Medium
EMP01573,37,Male,Master's,13,Data Science,Mid,6,770487,0.66,0.6,4,0.77,2,4.45,1.63,29,0,0,8,2,8.1,3.35,1.9,7,0,Mid,65.6,Medium
EMP01574,33,Female,Master's,10,Sales,Senior,9,920664,0.69,2.9,2,0.57,2,1.85,0.24,51,0,1,1,1,7.8,3.95,3.4,11,0,Mid,63.8,Medium
EMP01575,41,Male,Master's,21,Product,Junior,2,557049,0.85,3.8,3,0.94,0,4.65,0.9,17,0,0,2,1,6.0,4.8,3.1,4,0,Mid,68.7,High
EMP01576,22,Female,Master's,1,HR,Lead,3,837712,0.39,2.5,6,0.87,6,4.4,2.16,20,2,1,3,1,10.0,4.1,3.1,5,0,Low,58.3,Low
EMP01577,36,Female,Master's,15,Engineering,Lead,5,1416216,0.82,4.0,1,0.48,0,2.5,0.8,17,0,1,5,4,7.3,1.35,3.3,7,1,Low,53.6,Low
EMP01578,41,Male,Bachelor's,21,Finance,Junior,9,586401,0.83,0.5,3,0.65,2,4.55,2.14,38,1,1,5,2,5.5,3.75,1.95,2,0,Low,59.2,Low
EMP01579,23,Female,Master's,4,Engineering,Lead,4,960504,0.66,6.4,4,0.6,5,3.7,0.56,11,1,0,5,1,4.2,2.45,2.05,4,0,High,48.2,Low
EMP01580,44,Female,Master's,25,Product,Senior,1,1076417,0.54,2.6,3,0.8,5,4.9,2.55,37,1,2,4,0,7.6,4.4,4.35,3,0,Mid,72.2,High
EMP01581,37,Female,Master's,12,Engineering,Senior,4,972835,0.82,0.4,7,0.84,4,4.2,0.89,5,1,0,7,2,6.1,1.95,4.75,4,0,Low,57.8,Low
EMP01582,31,Male,PhD,6,Product,Mid,6,565847,0.79,1.9,4,0.83,1,3.3,3.13,36,0,4,3,4,8.4,1.9,2.9,5,0,Mid,69.5,High
EMP01583,40,Male,Bachelor's,17,Engineering,Mid,5,926678,0.54,5.6,2,0.84,5,2.0,0.29,12,3,1,6,0,7.6,4.4,2.55,10,0,Low,57.5,Low
EMP01584,53,Male,PhD,31,Sales,Junior,1,847236,0.45,6.8,3,0.73,2,2.95,0.9,10,0,1,5,1,12.0,2.7,3.6,6,0,Mid,48.1,Low
EMP01585,36,Male,PhD,12,Marketing,Mid,4,827343,0.66,0.9,5,0.78,4,4.6,1.25,21,1,0,5,1,5.6,4.35,2.85,3,0,High,62.0,Medium
EMP01586,36,Male,Bachelor's,11,Sales,Lead,6,1094334,0.8,3.7,7,0.47,2,2.75,1.1,58,3,0,3,2,9.1,4.35,3.1,3,0,High,67.8,High
EMP01587,31,Female,Master's,10,Sales,Junior,4,572609,0.94,0.3,4,0.94,1,3.8,1.14,8,3,1,8,2,5.9,2.75,4.15,6,1,Mid,68.9,High
EMP01588,28,Male,Bachelor's,5,Data Science,Lead,9,1025054,0.89,0.1,5,0.79,1,3.55,1.18,45,4,0,4,1,8.7,4.15,2.65,5,0,High,74.8,High
EMP01589,41,Female,Bachelor's,17,Operations,Mid,5,813587,0.8,2.5,4,0.79,2,2.15,8.98,18,0,0,10,1,9.6,3.1,1.45,14,1,High,50.2,Low
EMP01590,28,Female,Bachelor's,5,Operations,Mid,8,668213,0.67,3.6,8,0.52,0,3.8,0.43,22,2,2,2,6,7.0,4.7,1.1,4,0,Mid,53.1,Low
EMP01591,35,Female,Bachelor's,11,Engineering,Senior,9,817505,0.68,4.8,2,0.85,5,2.65,2.93,14,2,0,5,1,6.4,2.55,3.3,6,0,High,59.4,Low
EMP01592,31,Male,Bachelor's,7,Product,Lead,5,950747,0.69,1.2,2,0.91,3,3.4,1.6,32,0,1,2,1,7.3,3.1,2.1,5,0,Mid,56.2,Low
EMP01593,38,Female,PhD,18,Data Science,Mid,6,925086,0.93,0.0,6,0.89,3,2.2,1.07,7,3,1,2,3,6.4,4.1,2.5,5,0,Low,76.3,High
EMP01594,37,Male,Bachelor's,12,Sales,Mid,1,703146,0.39,2.0,1,0.53,5,2.15,2.01,16,0,1,8,0,9.9,4.6,3.65,4,0,High,57.1,Low
EMP01595,43,Male,PhD,20,Data Science,Mid,7,922344,0.89,0.0,3,0.92,0,4.2,3.84,22,2,1,3,1,7.2,1.75,3.7,4,0,Low,70.4,High
EMP01596,30,Female,Master's,7,Engineering,Junior,4,467316,0.8,0.3,5,0.51,2,1.7,1.26,34,3,0,7,1,8.2,3.9,3.95,4,0,Mid,65.3,Medium
EMP01597,32,Male,PhD,12,Operations,Mid,2,842666,0.91,1.2,4,0.53,0,4.15,4.0,19,0,1,7,4,8.2,2.1,2.5,2,0,Mid,56.6,Low
EMP01598,27,Male,Master's,6,Marketing,Mid,5,750486,0.89,1.7,2,0.61,0,3.95,0.2,23,1,2,3,1,8.8,3.7,2.85,6,1,High,64.2,Medium
EMP01599,31,Female,Bachelor's,10,Finance,Mid,3,811770,0.6,1.0,1,0.62,3,3.55,2.12,8,1,0,4,1,6.8,2.1,4.7,2,0,Low,54.3,Low
EMP01600,38,Male,Master's,19,Engineering,Senior,6,1052612,0.73,2.6,1,0.89,0,4.0,0.81,19,2,2,4,3,8.7,2.3,4.55,2,1,Mid,67.5,High
